,Volt
0,0.008050453647747
1,0.0080417238152094
2,0.008023374748955
3,0.0079955865489796
4,0.0079586885616308
5,0.0079131525337981
6,0.0078595793115277
7,0.0077986814231875
8,0.0077312639467512
9,0.0076582076653606
10,0.0075804520167457
11,0.007498974473031
12,0.007414768257626
13,0.0073288186840141
14,0.0072420795082353
15,0.0071554527332585
16,0.0070697690426086
17,0.0069857664415039
18,0.006904070257006
19,0.0068251760745352
20,0.0067494391084054
21,0.0066770745067976
22,0.0066081649672807
23,0.0065426714049116
24,0.0064804461343004
25,0.0064212460439133
26,0.0063647467389198
27,0.0063105605309494
28,0.0062582545709578
29,0.0062073663640124
30,0.0061574174357861
31,0.0061079241606557
32,0.0060584087123568
33,0.0060084138842716
34,0.0059575181788762
35,0.0059053479340901
36,0.0058515851007717
37,0.0057959677567977
38,0.0057382859980721
39,0.0056783774304668
40,0.0056161209084876
41,0.0055514285204062
42,0.0054842366269019
43,0.0054144948269958
44,0.0053421566473722
45,0.0052671757903573
46,0.0051895057131215
47,0.0051091010704835
48,0.0050259190682796
49,0.004939917358741
50,0.0048510511692195
51,0.0047592730792889
52,0.0046645346159462
53,0.0045667902108194
54,0.0044660024543074
55,0.0043621457984263
56,0.004255211100676
57,0.0041452129583184
58,0.0040321977548375
59,0.0039162516962883
60,0.0037975060232511
61,0.0036761357931473
62,0.0035523550206747
63,0.0034264112117956
64,0.00329857977902
65,0.003169160390188
66,0.003038473973363
67,0.0029068576581957
68,0.0027746601763842
69,0.0026422393254653
70,0.0025099607652492
71,0.0023781989741355
72,0.0022473375966501
73,0.0021177659112598
74,0.001989874256283
75,0.0018640507540978
76,0.0017406803996599
77,0.0016201489807708
78,0.0015028492855624
79,0.001389185800714
80,0.0012795791933501
81,0.0011744705491727
82,0.0010743246055271
83,0.0009796331016846
84,0.0008909147451021
85,0.0008087083247769
86,0.0007335616272776
87,0.0006660180540992
88,0.0006066029843696
89,0.0005558134702078
90,0.0005141088649951
91,0.0004818991455643
92,0.0004595325744154
93,0.0004472828146047
94,0.0004453363327911
95,0.0004537829069146
96,0.0004726065034545
97,0.0005016740118802
98,0.0005407248341698
99,0.0005893629412962
100,0.0006470540025974
101,0.0007131314337448
102,0.0007868081425989
103,0.0008671899189589
104,0.0009532908404944
105,0.0010440491908805
106,0.0011383439664205
107,0.0012350141072999
108,0.0013328766573096
109,0.0014307405342649
110,0.0015274179055029
111,0.0016217337413465
112,0.0017125358139877
113,0.0017987088568886
114,0.0018791896007009
115,0.0019529789498667
116,0.0020191519634693
117,0.0020768644957898
118,0.0021253574478131
119,0.0021639617560051
120,0.0021921011345949
121,0.0022092901366354
122,0.0022151303651245
123,0.0022093059505989
124,0.0021915810522018
125,0.0021618035242736
126,0.0021199113252035
127,0.0020659375934041
128,0.0020000150789678
129,0.0019223784723765
130,0.0018333648754764
131,0.0017334150054298
132,0.0016230711358275
133,0.0015029683714442
134,0.0013738222623527
135,0.0012364140875306
136,0.0010915766386369
137,0.0009401851778693
138,0.0007831499786372
139,0.0006214062311677
140,0.0004559031359581
141,0.0002875915678527
142,0.0001174113041863
143,-5.3718436392540623e-05
144,-0.0002249095363814
145,-0.0003953203512652
146,-0.0005641714916313
147,-0.0007307598960524
148,-0.0008944674965965
149,-0.0010547587249003
150,-0.0012111723249311
151,-0.0013633139386409
152,-0.0015108480262093
153,-0.0016534910621698
154,-0.0017910056547746
155,-0.001923191653543
156,-0.0020498814029701
157,-0.0021709450237335
158,-0.0022863006269609
159,-0.0023959272189768
160,-0.0024998745927441
161,-0.0025982617604002
162,-0.0026912710376438
163,-0.0027791454945527
164,-0.002862187634197
165,-0.0029407616314754
166,-0.0030152957472695
167,-0.0030862769908468
168,-0.0031542462687281
169,-0.0032198000235224
170,-0.0032835918919122
171,-0.0033463327642772
172,-0.0034087803019163
173,-0.0034717066159406
174,-0.0035358556938059
175,-0.0036019024814815
176,-0.003670415417439
177,-0.0037418303937191
178,-0.003816431914391
179,-0.0038943316465636
180,-0.003975456154821
181,-0.0040595512213447
182,-0.0041461981639256
183,-0.0042348439150241
184,-0.0043248315732025
185,-0.0044154157848852
186,-0.0045057760012306
187,-0.0045950385221229
188,-0.004682310322365
189,-0.0047667345213445
190,-0.004847554606807
191,-0.0049241683458052
192,-0.0049961786753807
193,-0.0050634423625387
194,-0.0051261108226341
195,-0.005184666973919
196,-0.0052399391745675
197,-0.0052930733897305
198,-0.0053454787214315
199,-0.0053987580987606
200,-0.0054546349001157
201,-0.0055148947433255
202,-0.0055813299290829
203,-0.005655669169581
204,-0.005739503108204
205,-0.0058342077607694
206,-0.0059408703922076
207,-0.0060602330978449
208,-0.0061926382838648
209,-0.0063379614465878
210,-0.0064955485660312
211,-0.0066641678215484
212,-0.0068419909270497
213,-0.0070266260973957
214,-0.007215183585636
215,-0.0074043501209763
216,-0.0075904735453015
217,-0.0077696481997896
218,-0.0079378025840408
219,-0.0080908022960735
220,-0.0082245460335266
221,-0.0083350360303759
222,-0.0084184330870662
223,-0.0084710977790929
224,-0.0084896330104581
225,-0.0084709502716821
226,-0.0084123396798371
227,-0.0083115227054068
228,-0.0081666880575727
229,-0.0079765009661078
230,-0.0077400955643275
231,-0.0074570716333016
232,-0.0071274806516576
233,-0.0067517913019824
234,-0.0063308470528851
235,-0.0058658176066068
236,-0.0053581641866807
237,-0.0048096434875566
238,-0.0042223310216969
239,-0.0035986440291164
240,-0.0029413600839039
241,-0.0022536162720806
242,-0.001538897327869
243,-0.000801031282855
244,-4.417572662386303e-05
245,0.0007272159105876
246,0.0015084416634542
247,0.0022946159930222
248,0.0030807341057259
249,0.0038617130334645
250,0.0046324269846241
251,0.0053877522106562
252,0.0061226256803347
253,0.0068321312447346
254,0.0075115985947231
255,0.0081566913652249
256,0.0087634928984471
257,0.0093285911975461
258,0.0098491557380008
259,0.0103230099299512
260,0.0107486789652775
261,0.0111253914299263
262,0.0114530496236463
263,0.0117321811923646
264,0.0119638814352118
265,0.0121497646679968
266,0.0122919143093335
267,0.0123928153141352
268,0.0124552788444112
269,0.0124823625685943
270,0.0124772895369544
271,0.0124433779503166
272,0.0123839701167683
273,0.0123023484299423
274,0.0122016514791259
275,0.0120847986880257
276,0.011954434567111
277,0.0118129087837401
278,0.01166228073418
279,0.0115043330614452
280,0.0113405944100611
281,0.0111723655994894
282,0.0110007502039381
283,0.0108266974865282
284,0.0106510461356567
285,0.0104745583574542
286,0.0102979473610666
287,0.0101218972077722
288,0.0099470816622075
289,0.0097741920061684
290,0.009603965633672
291,0.0094372065941024
292,0.0092747954679285
293,0.009117682906766
294,0.0089668713706573
295,0.0088233937215766
296,0.0086882870963931
297,0.0085625620086583
298,0.0084471679531918
299,0.0083429538776364
300,0.0082506292442748
301,0.0081707319395564
302,0.0081036025503213
303,0.0080493651779989
304,0.0080079124670796
305,0.0079788914566347
306,0.0079616935056936
307,0.0079554518532584
308,0.0079590494764346
309,0.0079711401004314
310,0.0079901790568419
311,0.0080144596917706
312,0.0080421533830582
313,0.0080713502899864
314,0.0081001025044401
315,0.0081264720810838
316,0.0081485807598498
317,0.0081646595215463
318,0.0081730954522607
319,0.0081724716680644
320,0.0081616035403685
321,0.0081395735992115
322,0.0081057608590255
323,0.0080598623918483
324,0.0080019013374864
325,0.0079322150202768
326,0.0078514291364878
327,0.00776042437553
328,0.0076602979368947
329,0.0075523253571203
330,0.0074379200895578
331,0.007318585887736
332,0.0071958678657275
333,0.0070713058268386
334,0.00694639045214
335,0.0068225262942035
336,0.0067009961574605
337,0.0065829210569864
338,0.0064692227037345
339,0.0063605936948069
340,0.0062574801058802
341,0.006160083607435
342,0.0060683768687768
343,0.0059821236099951
344,0.0059009042072175
345,0.0058241444772036
346,0.005751147214323
347,0.005681129931868
348,0.0056132610457304
349,0.0055466874088506
350,0.0054805562630615
351,0.0054140324151782
352,0.0053463149824488
353,0.0052766604681357
354,0.0052044061762422
355,0.0051289872236128
356,0.0050499469793662
357,0.0049669381198694
358,0.0048797171001083
359,0.0047881382830605
360,0.0046921443195221
361,0.0045917505449452
362,0.004487026501392
363,0.004378075014819
364,0.0042650141288864
365,0.0041479684089239
366,0.0040270659756763
367,0.0039024374149034
368,0.0037742154764502
369,0.0036425321267178
370,0.0035075151246959
371,0.0033692883831031
372,0.0032279737057844
373,0.0030836924571801
374,0.0029365675631459
375,0.0027867241956554
376,0.0026342915656158
377,0.0024794089473665
378,0.002322233456984
379,0.0021629474568548
380,0.0020017642213263
381,0.0018389292922044
382,0.0016747188285285
383,0.0015094374264664
384,0.0013434148284805
385,0.0011770015781535
386,0.0010105638489794
387,0.0008444766032373
388,0.0006791162832147
389,0.0005148545888314
390,0.0003520529405597
391,0.0001910573743976
392,3.219368748194291e-05
393,-0.0001242378444808
394,-0.0002779679606495
395,-0.0004287634756013
396,-0.0005764317199087
397,-0.0007208242653242
398,-0.0008618396898785
399,-0.0009994252670164
400,-0.0011335780662415
401,-0.00126434561297
402,-0.0013918254662792
403,-0.0015161634657423
404,-0.0016375499414672
405,-0.0017562130814208
406,-0.0018724108695996
407,-0.0019864229676874
408,-0.002098542487508
409,-0.0022090684094353
410,-0.0023182983739303
411,-0.0024265208650713
412,-0.0025340088214923
413,-0.0026410160786229
414,-0.0027477754831871
415,-0.0028544984443435
416,-0.0029613739755899
417,-0.0030685647343426
418,-0.0031762025375894
419,-0.0032843856818207
420,-0.0033931779245816
421,-0.0035026103956715
422,-0.0036126847826879
423,-0.0037233747910802
424,-0.0038346283140426
425,-0.0039463716804487
426,-0.0040585141151671
427,-0.0041709523343785
428,-0.0042835717750536
429,-0.0043962404801131
430,-0.0045087995174163
431,-0.0046210535916441
432,-0.0047327630767283
433,-0.0048436407606543
434,-0.0049533512714121
435,-0.0050615094812339
436,-0.0051676813887355
437,-0.0052713892575931
438,-0.0053721201420296
439,-0.005469339196752
440,-0.0055625031524323
441,-0.005651068922865
442,-0.0057345015024036
443,-0.0058122842408976
444,-0.0058839333692145
445,-0.0059490206854169
446,-0.006007199655842
447,-0.0060582284681886
448,-0.0061019913829377
449,-0.006138517458054
450,-0.006167995708618
451,-0.0061907887496017
452,-0.0062074389318616
453,-0.0062186614956483
454,-0.0062253285320331
455,-0.0062284461773355
456,-0.0062291292841719
457,-0.0062285799237639
458,-0.0062280656978939
459,-0.0062288929978331
460,-0.0062323767233715
461,-0.0062398056588097
462,-0.006252406565076
463,-0.0062713128379642
464,-0.0062975346253687
465,-0.0063319282719728
466,-0.0063751684640297
467,-0.0064277240319748
468,-0.0064898428987627
469,-0.0065615523983748
470,-0.0066426706611024
471,-0.0067328244819312
472,-0.0068314713084595
473,-0.0069379207237668
474,-0.0070513576821821
475,-0.0071708715333212
476,-0.0072954877650684
477,-0.0074242007830566
478,-0.0075560062108992
479,-0.007689929043888
480,-0.007825050431665
481,-0.0079605358177852
482,-0.0080956613002833
483,-0.0082298363072493
484,-0.0083626185129737
485,-0.0084937163183873
486,-0.0086229821810373
487,-0.0087504006623832
488,-0.008876073146825
489,-0.0090002026316445
490,-0.009123076567781
491,-0.0092450446090166
492,-0.0093664935667195
493,-0.0094878207043418
494,-0.0096094075199585
495,-0.0097315977640858
496,-0.009854677069684
497,-0.0099788522454688
498,-0.0101042328185114
499,-0.0102308157981211
500,-0.0103584785878162
501,-0.0104869850555838
502,-0.0106160004265226
503,-0.0107451108898609
504,-0.0108738449356293
505,-0.0110016914448137
506,-0.0111281181139434
507,-0.0112525949597153
508,-0.0113746196346134
509,-0.0114937436708093
510,-0.01160959735342
511,-0.0117219079991161
512,-0.011830516711664
513,-0.0119353977093968
514,-0.0120366748642513
515,-0.012134632929822
516,-0.0122297170962446
517,-0.0123225130036015
518,-0.0124137147928451
519,-0.0125040894792324
520,-0.01259443891549
521,-0.0126855646771137
522,-0.0127782333954496
523,-0.0128731363717521
524,-0.0129708517231219
525,-0.013071814697259
526,-0.0131762939771223
527,-0.0132843760792741
528,-0.0133959502546444
529,-0.0135106846639525
530,-0.0136280032834958
531,-0.0137470716798807
532,-0.0138667943452392
533,-0.0139858307363393
534,-0.014102622748694
535,-0.0142154220076303
536,-0.0143223222567457
537,-0.0144212980013536
538,-0.0145102454165785
539,-0.0145870275536324
540,-0.0146495121198257
541,-0.0146955894681273
542,-0.0147231801340923
543,-0.0147302393914544
544,-0.0147147635882334
545,-0.014674808662439
546,-0.0146085130728462
547,-0.0145141135635717
548,-0.0143899605493699
549,-0.0142345349264364
550,-0.0140464658924647
551,-0.0138245560992016
552,-0.0135678029922661
553,-0.0132754048859743
554,-0.0129467622892709
555,-0.012581481338221
556,-0.0121793856830169
557,-0.0117405483718699
558,-0.0112653325164749
559,-0.0107544255952609
560,-0.0102088707406386
561,-0.0096300923510715
562,-0.0090199143799378
563,-0.0083805772772362
564,-0.0077147398727211
565,-0.0070254534332786
566,-0.00631611745766
567,-0.0055904230856205
568,-0.0048522929939373
569,-0.0041058323693286
570,-0.0033552815711623
571,-0.0026049584362732
572,-0.0018591953831358
573,-0.0011222705579318
574,-0.0003983372574859
575,0.0003086367875417
576,0.0009949295293143
577,0.0016571321779862
578,0.0022922139947094
579,0.002897579329804
580,0.0034711066071597
581,0.0040111549904278
582,0.0045165495034292
583,0.0049865579301713
584,0.0054208595387667
585,0.0058195119315071
586,0.0061829147076429
587,0.0065117620865524
588,0.0068069959082934
589,0.0070697686481317
590,0.0073014119716382
591,0.0075034109648064
592,0.0076773768029657
593,0.0078250068646455
594,0.0079480416381873
595,0.0080482285362318
596,0.0081272931339951
597,0.0081869228857738
598,0.0082287594234923
599,0.0082543901233172
600,0.0082653445902363
601,0.0082630999250423
602,0.0082490899464544
603,0.0082247177730303
604,0.0081913645069948
605,0.0081503844761969
606,0.0081030928847131
607,0.0080507523776307
608,0.0079945593417528
609,0.0079356345143444
610,0.0078750159208406
611,0.0078136485152527
612,0.0077523750869133
613,0.0076919319285407
614,0.0076329472179345
615,0.0075759428054381
616,0.0075213360316435
617,0.0074694363038587
618,0.0074204399543822
619,0.0073744272751512
620,0.0073313617248652
621,0.0072910933813328
622,0.0072533657956949
623,0.007217823048346
624,0.007184019103339
625,0.0071514313093897
626,0.0071194759925607
627,0.0070875254299666
628,0.0070549247609792
629,0.0070210059578925
630,0.0069851000788655
631,0.0069465498747699
632,0.0069047214392433
633,0.0068590146750417
634,0.0068088735333721
635,0.0067537954751251
636,0.0066933415496309
637,0.0066271491301316
638,0.0065549451045646
639,0.0064765572869794
640,0.0063919244163001
641,0.0063011036502019
642,0.0062042751152143
643,0.0061017445982076
644,0.0059939417414989
645,0.0058814114265344
646,0.0057648008817165
647,0.0056448442378388
648,0.0055223460011871
649,0.0053981664494886
650,0.0052732073239004
651,0.0051483952840521
652,0.0050246655685824
653,0.0049029468249878
654,0.0047841467603164
655,0.0046691401668947
656,0.0045587564294347
657,0.004453763296869
658,0.0043548505534561
659,0.0042626163687928
660,0.0041775575649651
661,0.0041000668610369
662,0.0040304344328711
663,0.003968849491964
664,0.0039154040966483
665,0.003870099738157
666,0.0038328549712491
667,0.0038035147614175
668,0.003781857266726
669,0.0037675933442454
670,0.0037603626408599
671,0.0037597296255527
672,0.0037651810031247
673,0.0037761282582517
674,0.0037919130749117
675,0.0038118115746591
676,0.0038350405186772
677,0.003860766945578
678,0.0038881202610631
679,0.0039162081614162
680,0.003944132317497
681,0.003970999110082
682,0.0039959291322632
683,0.0040180683871707
684,0.0040366024259103
685,0.0040507766745978
686,0.0040599195177428
687,0.0040634628783478
688,0.0040609618363387
689,0.0040521131981076
690,0.0040367715074116
691,0.0040149634503652
692,0.0039868962732303
693,0.0039529556198541
694,0.0039136958476828
695,0.0038698253915988
696,0.0038221892815407
697,0.0037717528015213
698,0.0037195843889534
699,0.0036668345952854
700,0.0036147130136922
701,0.0035644639079049
702,0.0035173412991421
703,0.0034745860547059
704,0.0034374032593633
705,0.0034069379248653
706,0.0033842512296019
707,0.00337029880203
708,0.0033659130325305
709,0.003371792150636
710,0.0033884948433965
711,0.0034164383524646
712,0.0034558996444973
713,0.0035070186743549
714,0.0035698038218687
715,0.0036441403179108
716,0.0037298010182653
717,0.0038264586643068
718,0.0039336987074068
719,0.0040510317148524
720,0.0041779049811032
721,0.0043137129856801
722,0.0044578071987478
723,0.0046095056327539
724,0.0047681007892
725,0.0049328655001145
726,0.005103056333066
727,0.0052779136833311
728,0.0054566611723654
729,0.0056385063685639
730,0.0058226407172852
731,0.0060082377536588
732,0.006194447409096
733,0.0063803835712764
734,0.0065651093461937
735,0.0067476246216695
736,0.0069268561693869
737,0.0071016527113918
738,0.0072707838731579
739,0.0074329398651902
740,0.0075867371858473
741,0.0077307338209816
742,0.0078634512850256
743,0.0079834032239513
744,0.0080891245931456
745,0.0081791943003317
746,0.0082522570398908
747,0.0083070493103547
748,0.0083424300651342
749,0.0083574195945135
750,0.0083512406714842
751,0.0083233530090446
752,0.0082734847326508
753,0.0082016617056562
754,0.0081082312069114
755,0.0079938808959316
756,0.0078596439418414
757,0.0077068810238613
758,0.0075372468401328
759,0.0073526476426786
760,0.0071551946204889
761,0.0069471621801689
762,0.0067309458498596
763,0.0065090118045071
764,0.0062838438950261
765,0.0060578903433526
766,0.0058335117839222
767,0.0056129374267871
768,0.005398222234619
769,0.005191198024194
770,0.0049934270910043
771,0.0048061638832473
772,0.004630331261188
773,0.0044665212171296
774,0.0043150120538319
775,0.0041757912041042
776,0.0040485849058338
777,0.0039328914354714
778,0.0038280173584799
779,0.0037331215238652
780,0.0036472572156309
781,0.0035694035440946
782,0.0034984906776823
783,0.0034334205099315
784,0.0033730875204958
785,0.0033164082596911
786,0.0032623522329099
787,0.0032099653991523
788,0.0031583877529639
789,0.0031068628252402
790,0.0030547405753321
791,0.00300148013291
792,0.0029466468602476
793,0.0028898986873937
794,0.0028309677502853
795,0.0027696403528458
796,0.0027057398798416
797,0.0026391205481302
798,0.0025696670723513
799,0.0024972932324177
800,0.0024219420777588
801,0.0023435869535161
802,0.0022622320628189
803,0.0021779157988667
804,0.0020907106947828
805,0.0020007133027203
806,0.0019080302876541
807,0.0018127651987938
808,0.0017150074866562
809,0.0016148296493794
810,0.0015122887230189
811,0.0014074252558454
812,0.0013002661007734
813,0.0011908339954949
814,0.0010791599766782
815,0.0009652995154757
816,0.000849344302374
817,0.0007314197316689
818,0.0006116773155633
819,0.0004902899701417
820,0.0003674499197391
821,0.0002433748827717
822,0.0001183164393801
823,-7.440557232014434e-06
824,-0.0001335778166107
825,-0.0002597372483305
826,-0.0003855155477575
827,-0.0005104597386546
828,-0.0006340763062937
829,-0.000755868751624
830,-0.0008753879103848
831,-0.0009922801701584
832,-0.0011063298414978
833,-0.0012174834869768
834,-0.0013258630725584
835,-0.0014317818611772
836,-0.001535747705028
837,-0.0016384451255767
838,-0.0017407017354346
839,-0.0018434355094082
840,-0.0019476017087014
841,-0.0020541609232968
842,-0.0021640504455546
843,-0.0022781447617479
844,-0.002397200263511
845,-0.0025217699040451
846,-0.0026521063467477
847,-0.00278808039238
848,-0.0029291055888864
849,-0.0030740691502319
850,-0.0032212764739346
851,-0.0033684034002901
852,-0.0035124823665424
853,-0.0036499480912255
854,-0.0037767226805273
855,-0.0038883247096765
856,-0.0039799867807436
857,-0.0040467548120256
858,-0.0040835857099159
859,-0.0040854663449183
860,-0.0040475406182167
861,-0.0039652423622015
862,-0.0038344265902075
863,-0.0036514775483009
864,-0.0034134129087642
865,-0.0031180016234127
866,-0.0027638737657865
867,-0.0023506106418724
868,-0.0018787941553187
869,-0.00134998660336
870,-0.0007666642484686
871,-0.0001321334908626
872,0.0005495696309113
873,0.0012737829091643
874,0.0020353276251336
875,0.0028286410781553
876,0.0036479066669307
877,0.0044871607117444
878,0.0053403845070989
879,0.0062015797826312
880,0.0070648446833448
881,0.0079244746585987
882,0.0087750660585286
883,0.0096115998607431
884,0.0104295019970511
885,0.0112246665503969
886,0.0119934537818365
887,0.0127326867269327
888,0.0134396344130322
889,0.0141119756299765
890,0.0147477530485195
891,0.015345316533497
892,0.0159032759243392
893,0.0164204871962419
894,0.0168960572781123
895,0.0173293534740875
896,0.0177200119408821
897,0.0180679303028186
898,0.0183732538786746
899,0.0186363726720418
900,0.0188579193049142
901,0.0190387631489004
902,0.0191800022113098
903,0.0192829455746229
904,0.0193490982037256
905,0.0193801621929278
906,0.0193780432255309
907,0.0193448535075087
908,0.0192829051210474
909,0.0191946820492046
910,0.0190827993178292
911,0.0189499627360269
912,0.0187989262389888
913,0.0186324480533073
914,0.0184532473561129
915,0.0182639569574582
916,0.0180670812380625
917,0.0178649692247518
918,0.0176597979118498
919,0.0174535627186749
920,0.0172480709828746
921,0.0170449307097949
922,0.01684553902179
923,0.0166510769863084
924,0.0164625094737409
925,0.0162805907455283
926,0.0161058744092999
927,0.0159387232220603
928,0.0157793209955156
929,0.0156276891311591
930,0.0154837059913636
931,0.0153471283805958
932,0.0152176124509901
933,0.0150947304632695
934,0.0149779838959718
935,0.0148668140397454
936,0.0147606113490054
937,0.0146587249861202
938,0.0145604715268638
939,0.0144651416081509
940,0.0143720028582514
941,0.0142802978535455
942,0.0141892400100601
943,0.0140980100126479
944,0.0140057543828591
945,0.0139115887379304
946,0.0138146029920826
947,0.0137138652985627
948,0.0136084276239912
949,0.0134973335636459
950,0.013379629110971
951,0.0132543793215706
952,0.0131206847873646
953,0.0129776928693872
954,0.0128246088311571
955,0.0126607093680996
956,0.0124853634409299
957,0.0122980672198459
958,0.0120984842883901
959,0.0118864813656043
960,0.011662159483093
961,0.0114258760950415
962,0.0111782596375427
963,0.0109202225824273
964,0.0106529626991846
965,0.0103779451676874
966,0.0100968708785286
967,0.0098116319832982
968,0.0095242651325124
969,0.009236915439887
970,0.0089518010893233
971,0.0086711692168658
972,0.0083972428923872
973,0.0081321534337062
974,0.0078778676828733
975,0.0076361253886322
976,0.0074083799604976
977,0.0071957403681408
978,0.0069989205157383
979,0.0068181950870476
980,0.0066533770746091
981,0.00650383284244
982,0.006368522145424
983,0.006246052073964
984,0.0061347373365571
985,0.0060326523274465
986,0.0059376836906162
987,0.0058475966715164
988,0.0057601056918784
989,0.0056729456029125
990,0.0055839408398443
991,0.0054910615545287
992,0.005392478764719
993,0.0052866302952743
994,0.0051722839855793
995,0.0050485897600208
996,0.0049151092077776
997,0.0047718062437762
998,0.0046190127455946
999,0.004457386931122
1000,0.0042878635688795
1001,0.0041116027425889
1002,0.0039299359426294
1003,0.0037442999759914
1004,0.0035561747670487
1005,0.0033670386018511
1006,0.00317833432593
1007,0.0029914460643151
1008,0.002807675348606
1009,0.0026282007708603
1010,0.0024540353472327
1011,0.0022859962473234
1012,0.0021246879981189
1013,0.0019705071039311
1014,0.001823659966302
1015,0.0016841783053645
1016,0.0015519411373768
1017,0.0014267082228375
1018,0.0013081578128567
1019,0.0011959291679665
1020,0.0010896550573273
1021,0.0009889671438625
1022,0.0008934864445366
1023,0.0008028102559494
1024,0.0007165002322509
1025,0.0006340835399282
1026,0.0005550589865879
1027,0.0004788943441427
1028,0.0004050239883496
1029,0.000332850899546
1030,0.0002617519106605
1031,0.0001910927164435
1032,0.0001202403009881
1033,4.855931491404009e-05
1034,-2.459586138194309e-05
1035,-9.988501683117168e-05
1036,-0.000177975164074
1037,-0.0002595102620632
1038,-0.0003450693104554
1039,-0.0004351290205569
1040,-0.0005300276097164
1041,-0.0006299323739847
1042,-0.0007348122451066
1043,-0.0008444087061234
1044,-0.0009582192816677
1045,-0.0010755067674864
1046,-0.0011953251530587
1047,-0.001316557216701
1048,-0.0014379542368513
1049,-0.0015581628229883
1050,-0.0016757492977252
1051,-0.0017892341939559
1052,-0.0018971332088585
1053,-0.0019980070551468
1054,-0.002090514517779
1055,-0.0021734557453553
1056,-0.0022458150033412
1057,-0.0023068099667798
1058,-0.0023559383628391
1059,-0.0023930188644213
1060,-0.0024182142018225
1061,-0.0024320212578405
1062,-0.0024352400283764
1063,-0.0024289345895689
1064,-0.0024143883572804
1065,-0.0023930627039096
1066,-0.0023665548935952
1067,-0.0023365450808626
1068,-0.0023047437893899
1069,-0.0022728478797288
1070,-0.0022425022901726
1071,-0.0022152710590649
1072,-0.0021926078823218
1073,-0.0021758138027357
1074,-0.0021659938548981
1075,-0.0021640231528978
1076,-0.0021705262398579
1077,-0.0021858790150397
1078,-0.0022102251176364
1079,-0.0022434930963619
1080,-0.002285419939421
1081,-0.0023355821508137
1082,-0.0023934303145236
1083,-0.0024583297810121
1084,-0.0025295952165855
1085,-0.002606505723408
1086,-0.0026883093377013
1087,-0.0027742239012814
1088,-0.0028634389074065
1089,-0.0029551285907034
1090,-0.0030484687882549
1091,-0.0031426462208536
1092,-0.0032368659827239
1093,-0.0033303586465299
1094,-0.0034223867650995
1095,-0.0035122569136849
1096,-0.0035993280372344
1097,-0.0036830063301867
1098,-0.0037627357209942
1099,-0.0038379899613224
1100,-0.0039082717203714
1101,-0.0039731287236363
1102,-0.0040321784441602
1103,-0.004085129358971
1104,-0.0041318021283425
1105,-0.0041721492074759
1106,-0.0042062713279062
1107,-0.0042344355940137
1108,-0.0042570846052493
1109,-0.004274826217577
1110,-0.0042884119461228
1111,-0.0042987091396915
1112,-0.0043066726853054
1113,-0.0043133270316715
1114,-0.0043197512290147
1115,-0.0043270569699822
1116,-0.0043363648951302
1117,-0.0043487795681012
1118,-0.0043653642104467
1119,-0.0043871225181625
1120,-0.0044149786336272
1121,-0.0044497465496186
1122,-0.0044920984762838
1123,-0.0045425378351915
1124,-0.0046013832806693
1125,-0.0046687747446975
1126,-0.0047446920402125
1127,-0.0048289734129155
1128,-0.0049213375299694
1129,-0.0050214066285506
1130,-0.0051287295995224
1131,-0.0052428106399852
1132,-0.0053631310168825
1133,-0.0054891523184886
1134,-0.0056203103182653
1135,-0.0057560047252424
1136,-0.0058955920864867
1137,-0.0060383946783962
1138,-0.0061837153688635
1139,-0.0063308457865746
1140,-0.006479073172168
1141,-0.0066276848914525
1142,-0.0067759725267683
1143,-0.0069232450354819
1144,-0.0070688386030972
1145,-0.0072121120370264
1146,-0.007352438895839
1147,-0.0074892019371031
1148,-0.0076217993077347
1149,-0.007749677157293
1150,-0.0078723744385639
1151,-0.0079895626320769
1152,-0.00810108252082
1153,-0.0082069722182314
1154,-0.008307487064526
1155,-0.0084031208572432
1156,-0.0084946118581801
1157,-0.0085829197892179
1158,-0.0086691843995905
1159,-0.0087546700648498
1160,-0.0088407094534288
1161,-0.0089286654540572
1162,-0.0090198973570876
1163,-0.0091157157813095
1164,-0.0092173303995128
1165,-0.0093257859710975
1166,-0.0094418949287925
1167,-0.009566184267876
1168,-0.0096988439371662
1169,-0.0098396676349418
1170,-0.0099879988764342
1171,-0.0101426862263174
1172,-0.0103020645590541
1173,-0.0104639836775058
1174,-0.0106258665428377
1175,-0.0107847778557278
1176,-0.010937500334504
1177,-0.0110806057477756
1178,-0.0112105259959619
1179,-0.0113236389662658
1180,-0.0114163510077866
1181,-0.0114851631166692
1182,-0.0115267268241782
1183,-0.0115378863667505
1184,-0.0115157224738831
1185,-0.0114576178236266
1186,-0.0113613253218112
1187,-0.0112250218040752
1188,-0.0110473434569435
1189,-0.0108273898782678
1190,-0.010564708730747
1191,-0.0102592824238759
1192,-0.0099115052376442
1193,-0.0095221460164753
1194,-0.0090923051480191
1195,-0.0086233635582975
1196,-0.0081169439132901
1197,-0.007574906823791
1198,-0.0069993648304728
1199,-0.0063926987961934
1200,-0.0057575698116821
1201,-0.0050969094861363
1202,-0.0044138997909344
1203,-0.0037119614753257
1204,-0.0029947379733825
1205,-0.0022660692096628
1206,-0.0015299576367956
1207,-0.0007905181212426
1208,-5.192966706224659e-05
1209,0.0006815912313975
1210,0.0014058120367313
1211,0.0021165122467624
1212,0.0028095265985939
1213,0.0034808201604039
1214,0.0041265785519033
1215,0.0047432897807924
1216,0.0053278227817075
1217,0.0058774993386832
1218,0.0063901563772617
1219,0.0068642067279135
1220,0.0072986779340408
1221,0.0076932097864323
1222,0.0080480234847129
1223,0.0083638704487523
1224,0.0086419738742076
1225,0.0088839838806028
1226,0.0090919328283211
1227,0.0092681739283172
1228,0.0094153086617579
1229,0.0095361007437027
1230,0.0096333845837299
1231,0.0097099857841971
1232,0.0097686424438721
1233,0.0098119184824366
1234,0.0098421205500274
1235,0.0098612226310691
1236,0.0098708144149448
1237,0.0098720930565621
1238,0.0098658844331053
1239,0.0098526783892493
1240,0.0098326732870391
1241,0.0098058175503271
1242,0.0097718541593443
1243,0.0097303807429029
1244,0.009680913730814
1245,0.0096229490305901
1246,0.0095560184890876
1247,0.0094797344483878
1248,0.009393832571974
1249,0.0092982246009442
1250,0.0091930495051358
1251,0.009078714177922
1252,0.0089559148574105
1253,0.0088256264913723
1254,0.008689070230014
1255,0.0085476731395289
1256,0.0084030205578871
1257,0.0082568063629679
1258,0.008110779657524
1259,0.0079666808434103
1260,0.0078261778441562
1261,0.0076908115965964
1262,0.0075619496329688
1263,0.0074407505653513
1264,0.0073281320058686
1265,0.0072247325410751
1266,0.0071308769496094
1267,0.0070465529526016
1268,0.0069714048248519
1269,0.0069047521320083
1270,0.0068456256154147
1271,0.0067928087790465
1272,0.0067448857283519
1273,0.006700292249902
1274,0.0066573704088747
1275,0.0066144313029437
1276,0.0065698161771624
1277,0.0065219473897633
1278,0.006469371263305
1279,0.0064107917297432
1280,0.0063451014434528
1281,0.0062714189354721
1282,0.0061891229984783
1283,0.006097876015772
1284,0.0059976327566118
1285,0.0058886279860866
1286,0.0057713500444977
1287,0.0056465112595747
1288,0.0055150125763981
1289,0.0053779032361709
1290,0.0052363371383852
1291,0.0050915228503351
1292,0.0049446776679258
1293,0.0047969956111313
1294,0.0046496243540974
1295,0.0045036485113559
1296,0.0043600733027172
1297,0.0042197993800417
1298,0.0040835972122575
1299,0.0039520905627597
1300,0.0038257484234301
1301,0.0037048886700196
1302,0.0035896889602798
1303,0.0034801955745407
1304,0.0033763364052593
1305,0.0032779421226334
1306,0.0031847704273285
1307,0.0030965327504812
1308,0.0030129139418294
1309,0.0029335739821872
1310,0.0028581398376308
1311,0.0027861953693641
1312,0.0027172724322983
1313,0.0026508508326622
1314,0.0025863617952039
1315,0.0025231859554664
1316,0.0024606519919885
1317,0.0023980386320751
1318,0.0023345797557776
1319,0.0022694772158763
1320,0.002201912801716
1321,0.0021310503899664
1322,0.0020560359740079
1323,0.0019760007312735
1324,0.0018900726683187
1325,0.0017974057849163
1326,0.0016972178696922
1327,0.0015888255230089
1328,0.0014716773841782
1329,0.001345382132912
1330,0.0012097319262179
1331,0.0010647270600813
1332,0.0009105918311592
1333,0.0007477733366595
1334,0.0005769280662986
1335,0.000398897614922
1336,0.0002146820883272
1337,2.5422537852449385e-05
1338,-0.0001676160052557
1339,-0.000363069322886
1340,-0.0005595070676663
1341,-0.0007554788807843
1342,-0.0009495659863269
1343,-0.0011404261940858
1344,-0.0013268372430657
1345,-0.0015077400598516
1346,-0.0016822780094305
1347,-0.0018498336906939
1348,-0.0020100514750402
1349,-0.0021628338824059
1350,-0.0023083204994055
1351,-0.0024468564866539
1352,-0.0025789575836259
1353,-0.0027052832039917
1354,-0.0028266096608499
1355,-0.0029437930348999
1356,-0.0030577268472053
1357,-0.003169294843173
1358,-0.0032793233845642
1359,-0.0033885439825803
1360,-0.0034975569991262
1361,-0.0036067892197447
1362,-0.0037164542849927
1363,-0.0038265198004603
1364,-0.0039366925449954
1365,-0.0040464359112209
1366,-0.0041550073462702
1367,-0.0042615024609951
1368,-0.0043649032171579
1369,-0.0044641209768562
1370,-0.0045580392850366
1371,-0.0046455671254818
1372,-0.0047256903471063
1373,-0.004797513230303
1374,-0.0048602925148948
1375,-0.0049134593103653
1376,-0.0049566410025508
1377,-0.0049896972604464
1378,-0.005012755926424
1379,-0.0050262372221471
1380,-0.005030860389262
1381,-0.0050276204715629
1382,-0.0050177475166399
1383,-0.0050026663050422
1384,-0.0049839502582202
1385,-0.0049632700129753
1386,-0.004942340279377
1387,-0.0049228594960716
1388,-0.004906460440054
1389,-0.0048946895238682
1390,-0.0048890019869401
1391,-0.0048907645184396
1392,-0.0049012554880833
1393,-0.0049216453172274
1394,-0.0049529712114561
1395,-0.0049961243861883
1396,-0.0050518425866606
1397,-0.0051207091928951
1398,-0.0052031552861744
1399,-0.0052994506572889
1400,-0.0054097005560026
1401,-0.0055338629257664
1402,-0.0056717710173938
1403,-0.0058231542392631
1404,-0.0059876425552597
1405,-0.006164733181891
1406,-0.0063537394754475
1407,-0.006553745318963
1408,-0.0067635639220587
1409,-0.0069817109135777
1410,-0.0072063884553074
1411,-0.0074354654655612
1412,-0.0076664758269236
1413,-0.0078966515994811
1414,-0.0081229790288609
1415,-0.0083422744778132
1416,-0.0085512609388537
1417,-0.0087466187127794
1418,-0.0089250303643165
1419,-0.0090832403524506
1420,-0.0092181275823845
1421,-0.009326800696172
1422,-0.009406701671386
1423,-0.0094556911253751
1424,-0.0094721307053221
1425,-0.0094549711537232
1426,-0.0094038314351056
1427,-0.0093190675621892
1428,-0.0092018059015732
1429,-0.0090539115917411
1430,-0.0088779157619906
1431,-0.0086769249242947
1432,-0.0084545203135679
1433,-0.0082146686743687
1434,-0.0079616333973966
1435,-0.0076998637721278
1436,-0.0074338839125217
1437,-0.0071681940824688
1438,-0.0069071811008649
1439,-0.0066550484459706
1440,-0.0064157446411104
1441,-0.0061928646407037
1442,-0.0059895496734417
1443,-0.0058084061214027
1444,-0.0056514539740374
1445,-0.0055201272419938
1446,-0.0054153068509674
1447,-0.0053373555491069
1448,-0.0052861662066676
1449,-0.0052612238565177
1450,-0.0052616739630552
1451,-0.0052864048241288
1452,-0.0053341157884417
1453,-0.0054033418934138
1454,-0.0054924554123351
1455,-0.0055996593790939
1456,-0.005722985518902
1457,-0.0058603219111551
1458,-0.0060094517344984
1459,-0.0061680763228403
1460,-0.0063338354581179
1461,-0.0065043265483596
1462,-0.0066771236814865
1463,-0.0068498127235682
1464,-0.0070200193946655
1465,-0.0071854071841678
1466,-0.0073436666435506
1467,-0.0074925090657105
1468,-0.0076296795959397
1469,-0.0077530154275351
1470,-0.007860526149071
1471,-0.0079504658629583
1472,-0.0080214027724674
1473,-0.0080722793041926
1474,-0.008102461219411
1475,-0.0081117895630686
1476,-0.0081006084977567
1477,-0.0080697444359833
1478,-0.0080204543196147
1479,-0.0079543525571075
1480,-0.0078733344756144
1481,-0.0077795251475321
1482,-0.0076752338264419
1483,-0.0075628897374924
1484,-0.0074449677190439
1485,-0.0073239000548087
1486,-0.0072019832432273
1487,-0.0070813030243312
1488,-0.0069636586565272
1489,-0.0068504706303869
1490,-0.006742691369431
1491,-0.0066407272370692
1492,-0.0065443928247187
1493,-0.0064529263114441
1494,-0.0063650430765773
1495,-0.0062790006024867
1496,-0.0061926743337133
1497,-0.0061036308052562
1498,-0.0060092021343978
1499,-0.0059065794314058
1500,-0.00579290078938
1501,-0.005665314420882
1502,-0.0055210273321432
1503,-0.0053573391373703
1504,-0.0051716788889002
1505,-0.0049616705152021
1506,-0.0047252046226517
1507,-0.0044604938881801
1508,-0.0041661110432948
1509,-0.0038409969384408
1510,-0.0034844501656329
1511,-0.0030961222128616
1512,-0.0026760025299821
1513,-0.0022243840288972
1514,-0.0017418214948566
1515,-0.0012290833081403
1516,-0.0006871182276954
1517,-0.0001170637879464
1518,0.0004797238673913
1519,0.0011016388379649
1520,0.001746798143695
1521,0.0024130352411895
1522,0.0030979046772163
1523,0.0037986778733794
1524,0.0045123469005141
1525,0.0052356461164082
1526,0.005965086274452
1527,0.0066970068926219
1528,0.0074276278180217
1529,0.0081530770626885
1530,0.0088694129331603
1531,0.0095726554339933
1532,0.0102588328817082
1533,0.0109240591267727
1534,0.0115646254990515
1535,0.0121770829502673
1536,0.0127583221074112
1537,0.0133056512752326
1538,0.0138168664344769
1539,0.0142903187817332
1540,0.0147249588331989
1541,0.01512033555511
1542,0.0154765651218192
1543,0.0157942805640147
1544,0.0160745733740026
1545,0.0163189469247462
1546,0.0165292697961807
1547,0.0167077118724033
1548,0.0168566715843433
1549,0.0169786955095523
1550,0.0170763953887616
1551,0.0171523773409967
1552,0.017209171422369
1553,0.0172491503707792
1554,0.0172744503216501
1555,0.0172869003102586
1556,0.0172879739713901
1557,0.0172787814497861
1558,0.0172600887603309
1559,0.017232348563228
1560,0.0171957405118735
1561,0.0171502124216468
1562,0.0170955252760184
1563,0.0170313121476166
1564,0.0169571391101787
1565,0.0168725585391392
1566,0.0167771563259786
1567,0.016670589121099
1568,0.0165526197461011
1569,0.0164231616385175
1570,0.0162823224243024
1571,0.0161304373790807
1572,0.0159680876371632
1573,0.0157960944456544
1574,0.0156154962140735
1575,0.0154275194237185
1576,0.0152335424691094
1577,0.0150350543323017
1578,0.0148336086909179
1579,0.0146307699902353
1580,0.0144280592041913
1581,0.014226906987185
1582,0.0140286134627911
1583,0.0138343156170811
1584,0.013644958613348
1585,0.013461265764851
1586,0.0132837122190887
1587,0.0131125076189339
1588,0.0129475911338761
1589,0.0127886431827659
1590,0.0126351097316176
1591,0.0124862331692746
1592,0.0123410883160754
1593,0.0121986208174321
1594,0.0120576891458586
1595,0.011917112921063
1596,0.0117757233688341
1597,0.0116324127726682
1598,0.011486180667111
1599,0.0113361728628133
1600,0.0111817166446609
1601,0.011022354951339
1602,0.010857875245999
1603,0.0106883305165452
1604,0.0105140464330044
1605,0.0103356083791318
1606,0.0101538342788003
1607,0.0099697395286427
1608,0.009784497178449
1609,0.0095993991836961
1610,0.0094158154766941
1611,0.0092351456107264
1612,0.0090587683948758
1613,0.0088879923750506
1614,0.0087240091737416
1615,0.0085678551474648
1616,0.008420375546697
1617,0.0082821857871857
1618,0.0081536368528001
1619,0.0080347892003109
1620,0.0079254019442649
1621,0.0078249460783024
1622,0.0077326337324803
1623,0.0076474538207648
1624,0.0075682131575644
1625,0.0074935779756992
1626,0.007422117478555
1627,0.007352355170222
1628,0.0072828190490223
1629,0.007212083840991
1630,0.0071388072203815
1631,0.0070617581141432
1632,0.0069798439483741
1633,0.0068921455465758
1634,0.0067979508659899
1635,0.0066967795641118
1636,0.0065883954205173
1637,0.0064727999494962
1638,0.0063502136281325
1639,0.0062210551731179
1640,0.0060859152499405
1641,0.0059455243075827
1642,0.0058007173215039
1643,0.0056523933727461
1644,0.0055014797560928
1645,0.0053489106864915
1646,0.0051956146100872
1647,0.0050425057195224
1648,0.0048904755063021
1649,0.0047403762771872
1650,0.0045930030286062
1651,0.0044490824607861
1652,0.0043092660771047
1653,0.0041741276437153
1654,0.0040441637235585
1655,0.0039197913018025
1656,0.003801348838462
1657,0.0036891067593699
1658,0.0035832813996048
1659,0.0034840491933189
1660,0.0033915555518133
1661,0.0033059101659599
1662,0.0032271749985056
1663,0.0031553529603875
1664,0.003090376711729
1665,0.0030321005546081
1666,0.0029802946087938
1667,0.002934636456834
1668,0.0028947066256031
1669,0.0028599933746167
1670,0.0028299033706254
1671,0.0028037773806387
1672,0.0027809062724343
1673,0.0027605402728167
1674,0.0027418963714781
1675,0.0027241693836051
1676,0.002706546135198
1677,0.0026882249535541
1678,0.0026684378592742
1679,0.0026464696777724
1680,0.0026216773022776
1681,0.0025935114082322
1682,0.0025615373935922
1683,0.0025254548345994
1684,0.0024851109946989
1685,0.0024405026164486
1686,0.0023917697042952
1687,0.0023391855443068
1688,0.0022831437333226
1689,0.0022241452576614
1690,0.0021627846580505
1691,0.0020997321450153
1692,0.0020357147466175
1693,0.0019714989382591
1694,0.0019078740474382
1695,0.001845637338064
1696,0.0017855790024026
1697,0.0017284642251565
1698,0.0016750146154979
1699,0.0016258914768607
1700,0.0015816815079226
1701,0.0015428865487022
1702,0.0015099169031842
1703,0.0014830864153251
1704,0.001462609947315
1705,0.0014486038353804
1706,0.0014410885253756
1707,0.0014399931899676
1708,0.0014451618952513
1709,0.0014563601292052
1710,0.0014732813905407
1711,0.0014955540629352
1712,0.0015227476532529
1713,0.0015543776698431
1714,0.0015899101742261
1715,0.0016287664976297
1716,0.001670327761117
1717,0.0017139398017831
1718,0.0017589175829436
1719,0.0018045475765371
1720,0.00185009019416
1721,0.0018947834566323
1722,0.0019378462188979
1723,0.0019784806221412
1724,0.0020158714068963
1725,0.0020491792602385
1726,0.0020775319638038
1727,0.0021000170666549
1728,0.002115676603785
1729,0.0021235063138681
1730,0.0021224582731932
1731,0.0021114440992741
1732,0.0020893428295638
1733,0.0020550160645474
1734,0.0020073283788803
1735,0.0019451729563142
1736,0.0018674977319005
1737,0.0017733264228493
1738,0.0016617786330702
1739,0.0015320927043903
1740,0.0013836517516425
1741,0.0012160156104265
1742,0.0010289542886571
1743,0.0008224762599772
1744,0.0005968538170315
1745,0.0003526457967807
1746,9.07152570925854e-05
1747,-0.0001877572897165
1748,-0.0004812712747999
1749,-0.0007880203943307
1750,-0.0011059192972869
1751,-0.0014326385870967
1752,-0.0017656446238084
1753,-0.0021022381266522
1754,-0.0024395944265335
1755,-0.0027748098362094
1756,-0.0031049512538564
1757,-0.0034271079333768
1758,-0.0037384433094692
1759,-0.0040362421877304
1760,-0.0043179559374947
1761,-0.0045812481874692
1762,-0.0048240375654218
1763,-0.0050445354867118
1764,-0.0052412746216342
1765,-0.0054131229390776
1766,-0.0055592861720458
1767,-0.0056793023923201
1768,-0.0057730306376311
1769,-0.0058406368289292
1770,-0.0058825755811175
1771,-0.0058995654144419
1772,-0.005892558896483
1773,-0.0058627087048651
1774,-0.0058113322454648
1775,-0.0057398783671652
1776,-0.0056498952929676
1777,-0.0055429995098981
1778,-0.0054208462527633
1779,-0.0052851012548554
1780,-0.0051374183482694
1781,-0.0049794264256871
1782,-0.0048127237452176
1783,-0.0046388785882202
1784,-0.0044594313755259
1785,-0.0042758928745091
1786,-0.004089743414958
1787,-0.0039024371966808
1788,-0.0037154125713883
1789,-0.0035301115198321
1790,-0.0033480017345008
1791,-0.0031705927460294
1792,-0.0029994491646977
1793,-0.0028362007829332
1794,-0.0026825476529047
1795,-0.0025402625831247
1796,-0.0024111808625313
1797,-0.0022971681983058
1798,-0.0022000750022093
1799,-0.0021216826038613
1800,-0.0020636491269005
1801,-0.0020274668148469
1802,-0.002014422167397
1803,-0.002025548699025
1804,-0.0020615773382883
1805,-0.00212288382005
1806,-0.0022094382046023
1807,-0.002320768213532
1808,-0.0024559262697044
1809,-0.0026134524189345
1810,-0.0027913440430418
1811,-0.0029870369914273
1812,-0.003197410457194
1813,-0.0034188315472946
1814,-0.0036472249096388
1815,-0.0038781509579265
1816,-0.0041068914361033
1817,-0.0043285328123277
1818,-0.0045380505015621
1819,-0.0047304048534445
1820,-0.004900632587083
1821,-0.0050439213690628
1822,-0.0051556736628148
1823,-0.0052315584217431
1824,-0.0052675632200446
1825,-0.0052600640059128
1826,-0.0052058958334531
1827,-0.0051024084652225
1828,-0.0049475052016559
1829,-0.0047396549326463
1830,-0.0044778867192009
1831,-0.0041617851757875
1832,-0.0037914750813898
1833,-0.0033675889778133
1834,-0.0028912274887909
1835,-0.0023639125008256
1836,-0.0017875506340776
1837,-0.0011644278933715
1838,-0.0004972192546874
1839,0.000211002691564
1840,0.0009567638466204
1841,0.0017362030220255
1842,0.0025450967921696
1843,0.003378878431386
1844,0.0042326650674884
1845,0.0051013013416513
1846,0.0059794138931765
1847,0.0068614803772308
1848,0.0077418969952631
1849,0.0086150248129522
1850,0.0094752303538276
1851,0.0103169338391589
1852,0.0111346682924817
1853,0.0119231613305957
1854,0.0126774271309195
1855,0.0133928478744924
1856,0.0140652530900595
1857,0.014690999200893
1858,0.0152670414884377
1859,0.0157910007742908
1860,0.016261207004036
1861,0.0166766999479322
1862,0.0170372013758522
1863,0.0173430716317916
1864,0.0175952572629605
1865,0.017795245172864
1866,0.0179450153680606
1867,0.0180469777954021
1868,0.0181039045427695
1869,0.0181188631112476
1870,0.0180951503395674
1871,0.018036235157984
1872,0.0179456987808866
1873,0.0178271589783933
1874,0.0176841917611994
1875,0.0175202608484839
1876,0.0173386618982488
1877,0.0171424945390806
1878,0.0169346529298589
1879,0.0167178199436673
1880,0.0164944693142853
1881,0.016266874916586
1882,0.016037124464136
1883,0.0158071420893221
1884,0.0155787079795437
1885,0.0153534624414289
1886,0.01513290146938
1887,0.0149183687638441
1888,0.0147110488764712
1889,0.0145119712056505
1890,0.0143220185383582
1891,0.014141930522001
1892,0.013972305339451
1893,0.0138135996389848
1894,0.0136661271046022
1895,0.0135300609686679
1896,0.0134054351103845
1897,0.013292137731534
1898,0.0131899024904673
1899,0.0130983002062338
1900,0.013016734586405
1901,0.0129444481294869
1902,0.0128805349662437
1903,0.0128239553182659
1904,0.0127735526116213
1905,0.0127280724308103
1906,0.0126861827948686
1907,0.0126464978084113
1908,0.0126076018049617
1909,0.0125680704849662
1910,0.0125264903798656
1911,0.0124814774210171
1912,0.012431694948761
1913,0.0123758729257167
1914,0.0123128276950623
1915,0.0122414805203559
1916,0.0121608753382776
1917,0.0120701959524307
1918,0.011968781536392
1919,0.0118561399271733
1920,0.0117319585438706
1921,0.0115961119443919
1922,0.011448665575981
1923,0.0112898759621169
1924,0.0111201859460301
1925,0.010940213954529
1926,0.0107507390822537
1927,0.0105526834141582
1928,0.0103470923444749
1929,0.010135114690869
1930,0.0099179820501339
1931,0.0096969860965501
1932,0.0094734561296916
1933,0.0092487382935111
1934,0.0090241757185817
1935,0.0088010901621941
1936,0.0085807634191967
1937,0.0083644161072743
1938,0.0081531869172839
1939,0.0079481152137992
1940,0.0077501269595684
1941,0.0075600255609289
1942,0.0073784865745139
1943,0.0072060533235896
1944,0.007043136099604
1945,0.0068900168023927
1946,0.006746855972875
1947,0.0066137010462587
1948,0.0064904931007162
1949,0.0063770678835689
1950,0.0062731546924542
1951,0.0061783773783746
1952,0.006092255975588
1953,0.0060142099819641
1954,0.0059435635914526
1955,0.0058795503264302
1956,0.0058213219447153
1957,0.0057679660580737
1958,0.0057185277000324
1959,0.0056720319681163
1960,0.005627504916757
1961,0.0055839870293631
1962,0.0055405436568374
1963,0.0054962782535321
1964,0.00545034425087
1965,0.0054019548395565
1966,0.0053503911134215
1967,0.0052950049349244
1968,0.0052352238782927
1969,0.0051705654580644
1970,0.005100652878955
1971,0.005025227336672
1972,0.0049441530307834
1973,0.0048574070292865
1974,0.0047650623015589
1975,0.0046672748476511
1976,0.0045642701987799
1977,0.004456329772837
1978,0.0043437788031645
1979,0.0042269712989199
1980,0.0041062846530927
1981,0.0039821354330302
1982,0.0038550054361106
1983,0.0037254707485334
1984,0.0035942251101711
1985,0.0034620832831658
1986,0.003329975438834
1987,0.0031989461538662
1988,0.0030701513479988
1989,0.0029448540332227
1990,0.0028244152843658
1991,0.0027102688480789
1992,0.0026038951185148
1993,0.0025068076456461
1994,0.0024205398974908
1995,0.0023466273465302
1996,0.0022865709581326
1997,0.0022417634419007
1998,0.0022133987245179
1999,0.0022023870125243
