x-axis,1
second,Volt
-2.50000006599,-0.0361809
-2.49750006599,-0.038191
-2.49500006599,-0.040201
-2.49250006599,-0.038191
-2.49000006599,-0.0361809
-2.48750006599,-0.0321608
-2.48500006599,-0.0281407
-2.48250006599,-0.0261307
-2.48000006599,-0.0221106
-2.47750006599,-0.0241206
-2.47500006599,-0.0221106
-2.47250006599,-0.0221106
-2.47000006599,-0.0180905
-2.46750006599,-0.0100503
-2.46500006599,-0.0120603
-2.46250006599,-0.0120603
-2.46000006599,-0.0100503
-2.45750006599,-0.00603015
-2.45500006599,-0.0040201
-2.45250006599,-0.00201005
-2.45000006599,0.0040201
-2.44750006599,0.00201005
-2.44500006599,0.00603015
-2.44250006599,0.00603015
-2.44000006599,0.0100503
-2.43750006599,0.0160804
-2.43500006599,0.0180905
-2.43250006599,0.0201005
-2.43000006599,0.0261307
-2.42750006599,0.0201005
-2.42500006599,0.0201005
-2.42250006599,0.0241206
-2.42000006599,0.0221106
-2.41750006599,0.0221106
-2.41500006599,0.0180905
-2.41250006599,0.0160804
-2.41000006599,0.0100503
-2.40750006599,0.0080402
-2.40500006599,0.00603015
-2.40250006599,0.0080402
-2.40000006599,0.0040201
-2.39750006599,0
-2.39500006599,-0.0040201
-2.39250006599,-0.0040201
-2.39000006599,-0.0040201
-2.38750006599,-0.00201005
-2.38500006599,-0.00201005
-2.38250006599,-0.00201005
-2.38000006599,-0.0040201
-2.37750006599,-0.00603015
-2.37500006599,-0.0040201
-2.37250006599,0
-2.37000006599,0.0040201
-2.36750006599,0.0080402
-2.36500006599,0.00603015
-2.36250006599,0.00603015
-2.36000006599,0.0040201
-2.35750006599,0.00201005
-2.35500006599,0.0040201
-2.35250006599,0.00603015
-2.35000006599,0.00603015
-2.34750006599,0.00603015
-2.34500006599,0.0080402
-2.34250006599,0.00603015
-2.34000006599,0.0100503
-2.33750006599,0.0160804
-2.33500006599,0.0201005
-2.33250006599,0.0180905
-2.33000006599,0.0160804
-2.32750006599,0.0160804
-2.32500006599,0.0120603
-2.32250006599,0.0140704
-2.32000006599,0.0160804
-2.31750006599,0.0180905
-2.31500006599,0.0160804
-2.31250006599,0.0160804
-2.31000006599,0.0140704
-2.30750006599,0.0120603
-2.30500006599,0.0160804
-2.30250006599,0.0160804
-2.30000006599,0.0160804
-2.29750006599,0.0140704
-2.29500006599,0.0080402
-2.29250006599,0.00603015
-2.29000006599,0.0080402
-2.28750006599,0.0080402
-2.28500006599,0.00603015
-2.28250006599,0.0080402
-2.28000006599,0.00603015
-2.27750006599,0
-2.27500006599,0
-2.27250006599,0.00201005
-2.27000006599,0
-2.26750006599,0.00201005
-2.26500006599,-0.00201005
-2.26250006599,-0.00201005
-2.26000006599,-0.0040201
-2.25750006599,0
-2.25500006599,0.00201005
-2.25250006599,0.00603015
-2.25000006599,0.0080402
-2.24750006599,0.0100503
-2.24500006599,0.0100503
-2.24250006599,0.0100503
-2.24000006599,0.0140704
-2.23750006599,0.0201005
-2.23500006599,0.0221106
-2.23250006599,0.0201005
-2.23000006599,0.0180905
-2.22750006599,0.0180905
-2.22500006599,0.0180905
-2.22250006599,0.0221106
-2.22000006599,0.0241206
-2.21750006599,0.0241206
-2.21500006599,0.0241206
-2.21250006599,0.0221106
-2.21000006599,0.0160804
-2.20750006599,0.0201005
-2.20500006599,0.0180905
-2.20250006599,0.0160804
-2.20000006599,0.0140704
-2.19750006599,0.0080402
-2.19500006599,-0.00201005
-2.19250006599,-0.00603015
-2.19000006599,-0.00603015
-2.18750006599,-0.00603015
-2.18500006599,-0.0080402
-2.18250006599,-0.0100503
-2.18000006599,-0.0100503
-2.17750006599,-0.0140704
-2.17500006599,-0.0180905
-2.17250006599,-0.0180905
-2.17000006599,-0.0140704
-2.16750006599,-0.0180905
-2.16500006599,-0.0201005
-2.16250006599,-0.0241206
-2.16000006599,-0.0301508
-2.15750006599,-0.0361809
-2.15500006599,-0.0361809
-2.15250006599,-0.040201
-2.15000006599,-0.040201
-2.14750006599,-0.0462312
-2.14500006599,-0.0502513
-2.14250006599,-0.0542714
-2.14000006599,-0.0562814
-2.13750006599,-0.0562814
-2.13500006599,-0.0562814
-2.13250006599,-0.0562814
-2.13000006599,-0.0582915
-2.12750006599,-0.0603015
-2.12500006599,-0.0623116
-2.12250006599,-0.0562814
-2.12000006599,-0.0522613
-2.11750006599,-0.0482412
-2.11500006599,-0.0462312
-2.11250006599,-0.0482412
-2.11000006599,-0.0462312
-2.10750006599,-0.0422111
-2.10500006599,-0.040201
-2.10250006599,-0.0341709
-2.10000006599,-0.0321608
-2.09750006599,-0.0321608
-2.09500006599,-0.0301508
-2.09250006599,-0.0281407
-2.09000006599,-0.0241206
-2.08750006599,-0.0160804
-2.08500006599,-0.0120603
-2.08250006599,-0.0080402
-2.08000006599,-0.0040201
-2.07750006599,-0.0040201
-2.07500006599,-0.0040201
-2.07250006599,0
-2.07000006599,0
-2.06750006599,0.00201005
-2.06500006599,0.00201005
-2.06250006599,0
-2.06000006599,-0.00603015
-2.05750006599,-0.00603015
-2.05500006599,0
-2.05250006599,0
-2.05000006599,0.00201005
-2.04750006599,-0.00201005
-2.04500006599,-0.0040201
-2.04250006599,-0.0080402
-2.04000006599,-0.0080402
-2.03750006599,-0.0080402
-2.03500006599,-0.0100503
-2.03250006599,-0.0120603
-2.03000006599,-0.0201005
-2.02750006599,-0.0281407
-2.02500006599,-0.0321608
-2.02250006599,-0.0281407
-2.02000006599,-0.0241206
-2.01750006599,-0.0201005
-2.01500006599,-0.0201005
-2.01250006599,-0.0221106
-2.01000006599,-0.0201005
-2.00750006599,-0.0160804
-2.00500006599,-0.0120603
-2.00250006599,-0.0080402
-2.00000006599,-0.0100503
-1.99750006599,-0.0100503
-1.99500006599,-0.0120603
-1.99250006599,-0.0140704
-1.99000006599,-0.0100503
-1.98750006599,-0.0120603
-1.98500006599,-0.0100503
-1.98250006599,-0.0080402
-1.98000006599,-0.0140704
-1.97750006599,-0.0140704
-1.97500006599,-0.0160804
-1.97250006599,-0.0120603
-1.97000006599,-0.0080402
-1.96750006599,-0.0040201
-1.96500006599,-0.0040201
-1.96250006599,-0.0040201
-1.96000006599,-0.0040201
-1.95750006599,-0.0040201
-1.95500006599,-0.00201005
-1.95250006599,0.00201005
-1.95000006599,-0.00201005
-1.94750006599,0.00201005
-1.94500006599,0
-1.94250006599,0.0040201
-1.94000006599,0.0040201
-1.93750006599,0.0100503
-1.93500006599,0.0140704
-1.93250006599,0.0160804
-1.93000006599,0.0120603
-1.92750006599,0.0100503
-1.92500006599,0.0100503
-1.92250006599,0.00603015
-1.92000006599,0
-1.91750006599,0
-1.91500006599,-0.00603015
-1.91250006599,-0.0100503
-1.91000006599,-0.0120603
-1.90750006599,-0.0120603
-1.90500006599,-0.0080402
-1.90250006599,-0.00201005
-1.90000006599,-0.00201005
-1.89750006599,-0.00201005
-1.89500006599,-0.00201005
-1.89250006599,-0.00201005
-1.89000006599,0
-1.88750006599,0.00603015
-1.88500006599,0.00603015
-1.88250006599,0.0120603
-1.88000006599,0.0140704
-1.87750006599,0.0160804
-1.87500006599,0.0201005
-1.87250006599,0.0261307
-1.87000006599,0.0341709
-1.86750006599,0.0361809
-1.86500006599,0.040201
-1.86250006599,0.038191
-1.86000006599,0.040201
-1.85750006599,0.0442211
-1.85500006599,0.0442211
-1.85250006599,0.0502513
-1.85000006599,0.0502513
-1.84750006599,0.0542714
-1.84500006599,0.0522613
-1.84250006599,0.0643216
-1.84000006599,0.0723618
-1.83750006599,0.0844221
-1.83500006599,0.0964824
-1.83250006599,0.100503
-1.83000006599,0.106533
-1.82750006599,0.102513
-1.82500006599,0.104523
-1.82250006599,0.108543
-1.82000006599,0.106533
-1.81750006599,0.104523
-1.81500006599,0.102513
-1.81250006599,0.100503
-1.81000006599,0.0964824
-1.80750006599,0.0924623
-1.80500006599,0.0904523
-1.80250006599,0.0884422
-1.80000006599,0.0844221
-1.79750006599,0.078392
-1.79500006599,0.0743719
-1.79250006599,0.0703518
-1.79000006599,0.0643216
-1.78750006599,0.0582915
-1.78500006599,0.0462312
-1.78250006599,0.0341709
-1.78000006599,0.0180905
-1.77750006599,0.0040201
-1.77500006599,-0.00201005
-1.77250006599,0
-1.77000006599,0.0040201
-1.76750006599,0.0140704
-1.76500006599,0.0140704
-1.76250006599,0.0100503
-1.76000006599,0.00603015
-1.75750006599,0.00201005
-1.75500006599,-0.00201005
-1.75250006599,-0.00603015
-1.75000006599,-0.0080402
-1.74750006599,-0.0100503
-1.74500006599,-0.0120603
-1.74250006599,-0.0120603
-1.74000006599,-0.0100503
-1.73750006599,-0.00603015
-1.73500006599,-0.0040201
-1.73250006599,-0.00603015
-1.73000006599,-0.0100503
-1.72750006599,-0.0160804
-1.72500006599,-0.0241206
-1.72250006599,-0.0321608
-1.72000006599,-0.038191
-1.71750006599,-0.040201
-1.71500006599,-0.0502513
-1.71250006599,-0.0542714
-1.71000006599,-0.0542714
-1.70750006599,-0.0522613
-1.70500006599,-0.0462312
-1.70250006599,-0.0422111
-1.70000006599,-0.038191
-1.69750006599,-0.038191
-1.69500006599,-0.040201
-1.69250006599,-0.0422111
-1.69000006599,-0.0442211
-1.68750006599,-0.038191
-1.68500006599,-0.0341709
-1.68250006599,-0.0321608
-1.68000006599,-0.0321608
-1.67750006599,-0.0321608
-1.67500006599,-0.0341709
-1.67250006599,-0.0301508
-1.67000006599,-0.0261307
-1.66750006599,-0.0261307
-1.66500006599,-0.0301508
-1.66250006599,-0.038191
-1.66000006599,-0.0361809
-1.65750006599,-0.038191
-1.65500006599,-0.0361809
-1.65250006599,-0.0361809
-1.65000006599,-0.0361809
-1.64750006599,-0.038191
-1.64500006599,-0.040201
-1.64250006599,-0.0361809
-1.64000006599,-0.0341709
-1.63750006599,-0.0301508
-1.63500006599,-0.0261307
-1.63250006599,-0.0281407
-1.63000006599,-0.0281407
-1.62750006599,-0.0361809
-1.62500006599,-0.0321608
-1.62250006599,-0.0321608
-1.62000006599,-0.0321608
-1.61750006599,-0.0341709
-1.61500006599,-0.0321608
-1.61250006599,-0.0341709
-1.61000006599,-0.0321608
-1.60750006599,-0.0301508
-1.60500006599,-0.0261307
-1.60250006599,-0.0201005
-1.60000006599,-0.0201005
-1.59750006599,-0.0180905
-1.59500006599,-0.0201005
-1.59250006599,-0.0160804
-1.59000006599,-0.0120603
-1.58750006599,-0.0100503
-1.58500006599,-0.0040201
-1.58250006599,-0.0040201
-1.58000006599,-0.0040201
-1.57750006599,-0.00603015
-1.57500006599,-0.00201005
-1.57250006599,0.0040201
-1.57000006599,0.00603015
-1.56750006599,0.0100503
-1.56500006599,0.0080402
-1.56250006599,0.00603015
-1.56000006599,0.00603015
-1.55750006599,0.00201005
-1.55500006599,0.0080402
-1.55250006599,0.0100503
-1.55000006599,0.0160804
-1.54750006599,0.0140704
-1.54500006599,0.0160804
-1.54250006599,0.0160804
-1.54000006599,0.0160804
-1.53750006599,0.0140704
-1.53500006599,0.0100503
-1.53250006599,0.00603015
-1.53000006599,-0.0040201
-1.52750006599,-0.0080402
-1.52500006599,-0.0140704
-1.52250006599,-0.0140704
-1.52000006599,-0.0140704
-1.51750006599,-0.0120603
-1.51500006599,-0.0160804
-1.51250006599,-0.0201005
-1.51000006599,-0.0201005
-1.50750006599,-0.0201005
-1.50500006599,-0.0201005
-1.50250006599,-0.0180905
-1.50000006599,-0.0201005
-1.49750006599,-0.0221106
-1.49500006599,-0.0241206
-1.49250006599,-0.0241206
-1.49000006599,-0.0201005
-1.48750006599,-0.0180905
-1.48500006599,-0.0080402
-1.48250006599,-0.00603015
-1.48000006599,-0.00603015
-1.47750006599,-0.0120603
-1.47500006599,-0.0080402
-1.47250006599,-0.0100503
-1.47000006599,-0.0080402
-1.46750006599,-0.0100503
-1.46500006599,-0.0080402
-1.46250006599,-0.0080402
-1.46000006599,-0.0100503
-1.45750006599,-0.0040201
-1.45500006599,0
-1.45250006599,0.0040201
-1.45000006599,0.00603015
-1.44750006599,0.0080402
-1.44500006599,0.00603015
-1.44250006599,0.0040201
-1.44000006599,0.0040201
-1.43750006599,0.00603015
-1.43500006599,0.0080402
-1.43250006599,0.0080402
-1.43000006599,0.0080402
-1.42750006599,0.0080402
-1.42500006599,0.0100503
-1.42250006599,0.0180905
-1.42000006599,0.0221106
-1.41750006599,0.0281407
-1.41500006599,0.0281407
-1.41250006599,0.0261307
-1.41000006599,0.0201005
-1.40750006599,0.0160804
-1.40500006599,0.0160804
-1.40250006599,0.0120603
-1.40000006599,0.00603015
-1.39750006599,-0.0040201
-1.39500006599,-0.0080402
-1.39250006599,-0.0080402
-1.39000006599,-0.00603015
-1.38750006599,0
-1.38500006599,0.00201005
-1.38250006599,-0.00201005
-1.38000006599,-0.00201005
-1.37750006599,-0.0040201
-1.37500006599,-0.00603015
-1.37250006599,-0.0080402
-1.37000006599,-0.0080402
-1.36750006599,-0.00603015
-1.36500006599,-0.0040201
-1.36250006599,-0.0040201
-1.36000006599,0.0040201
-1.35750006599,0.0080402
-1.35500006599,0.0180905
-1.35250006599,0.0201005
-1.35000006599,0.0201005
-1.34750006599,0.0180905
-1.34500006599,0.0120603
-1.34250006599,0.00603015
-1.34000006599,0.00603015
-1.33750006599,0.0080402
-1.33500006599,0.0080402
-1.33250006599,0.00201005
-1.33000006599,0.0040201
-1.32750006599,0.00201005
-1.32500006599,0.0040201
-1.32250006599,0.0100503
-1.32000006599,0.0160804
-1.31750006599,0.0160804
-1.31500006599,0.0201005
-1.31250006599,0.0160804
-1.31000006599,0.0140704
-1.30750006599,0.0140704
-1.30500006599,0.0261307
-1.30250006599,0.0201005
-1.30000006599,0.0180905
-1.29750006599,0.0120603
-1.29500006599,0.0120603
-1.29250006599,0.00201005
-1.29000006599,-0.00201005
-1.28750006599,-0.00201005
-1.28500006599,-0.0120603
-1.28250006599,-0.0221106
-1.28000006599,-0.0281407
-1.27750006599,-0.040201
-1.27500006599,-0.0442211
-1.27250006599,-0.0422111
-1.27000006599,-0.0422111
-1.26750006599,-0.0422111
-1.26500006599,-0.0462312
-1.26250006599,-0.0502513
-1.26000006599,-0.0522613
-1.25750006599,-0.0522613
-1.25500006599,-0.0502513
-1.25250006599,-0.0442211
-1.25000006599,-0.0442211
-1.24750006599,-0.0442211
-1.24500006599,-0.040201
-1.24250006599,-0.040201
-1.24000006599,-0.0321608
-1.23750006599,-0.0241206
-1.23500006599,-0.0140704
-1.23250006599,-0.0120603
-1.23000006599,-0.0080402
-1.22750006599,-0.0080402
-1.22500006599,-0.00603015
-1.22250006599,-0.00201005
-1.22000006599,0.0040201
-1.21750006599,0.0080402
-1.21500006599,0.0080402
-1.21250006599,0.0040201
-1.21000006599,0.00603015
-1.20750006599,0.0080402
-1.20500006599,0.0140704
-1.20250006599,0.0160804
-1.20000006599,0.0120603
-1.19750006599,0.0100503
-1.19500006599,0.0040201
-1.19250006599,-0.00201005
-1.19000006599,-0.0100503
-1.18750006599,-0.0120603
-1.18500006599,-0.0180905
-1.18250006599,-0.0281407
-1.18000006599,-0.0341709
-1.17750006599,-0.0422111
-1.17500006599,-0.0482412
-1.17250006599,-0.0502513
-1.17000006599,-0.0522613
-1.16750006599,-0.0562814
-1.16500006599,-0.0562814
-1.16250006599,-0.0582915
-1.16000006599,-0.0623116
-1.15750006599,-0.0603015
-1.15500006599,-0.0562814
-1.15250006599,-0.0462312
-1.15000006599,-0.0442211
-1.14750006599,-0.0422111
-1.14500006599,-0.0361809
-1.14250006599,-0.0321608
-1.14000006599,-0.0221106
-1.13750006599,-0.0140704
-1.13500006599,-0.0100503
-1.13250006599,-0.0040201
-1.13000006599,0
-1.12750006599,0.00201005
-1.12500006599,0.00603015
-1.12250006599,0.0120603
-1.12000006599,0.0180905
-1.11750006599,0.0261307
-1.11500006599,0.0261307
-1.11250006599,0.0281407
-1.11000006599,0.0241206
-1.10750006599,0.0301508
-1.10500006599,0.0341709
-1.10250006599,0.038191
-1.10000006599,0.040201
-1.09750006599,0.038191
-1.09500006599,0.0361809
-1.09250006599,0.038191
-1.09000006599,0.0422111
-1.08750006599,0.0422111
-1.08500006599,0.0462312
-1.08250006599,0.0482412
-1.08000006599,0.0462312
-1.07750006599,0.0502513
-1.07500006599,0.0482412
-1.07250006599,0.0442211
-1.07000006599,0.0442211
-1.06750006599,0.038191
-1.06500006599,0.0361809
-1.06250006599,0.0281407
-1.06000006599,0.0261307
-1.05750006599,0.0281407
-1.05500006599,0.0341709
-1.05250006599,0.038191
-1.05000006599,0.0361809
-1.04750006599,0.038191
-1.04500006599,0.0301508
-1.04250006599,0.0261307
-1.04000006599,0.0301508
-1.03750006599,0.0321608
-1.03500006599,0.0301508
-1.03250006599,0.0321608
-1.03000006599,0.0301508
-1.02750006599,0.0281407
-1.02500006599,0.0261307
-1.02250006599,0.0301508
-1.02000006599,0.0341709
-1.01750006599,0.0361809
-1.01500006599,0.0341709
-1.01250006599,0.0321608
-1.01000006599,0.0321608
-1.00750006599,0.0321608
-1.00500006599,0.0361809
-1.00250006599,0.038191
-1.00000006599,0.040201
-0.997500065988,0.038191
-0.995000065988,0.0361809
-0.992500065988,0.0321608
-0.990000065988,0.0281407
-0.987500065988,0.0241206
-0.985000065988,0.0201005
-0.982500065988,0.0160804
-0.980000065988,0.0100503
-0.977500065988,0.0040201
-0.975000065988,0.00603015
-0.972500065988,0.0040201
-0.970000065988,0.0080402
-0.967500065988,0.0040201
-0.965000065988,0
-0.962500065988,-0.00603015
-0.960000065988,-0.0140704
-0.957500065988,-0.0180905
-0.955000065988,-0.0201005
-0.952500065988,-0.0180905
-0.950000065988,-0.0180905
-0.947500065988,-0.0180905
-0.945000065988,-0.0140704
-0.942500065988,-0.0100503
-0.940000065988,-0.0040201
-0.937500065988,-0.00201005
-0.935000065988,0.0040201
-0.932500065988,0.0040201
-0.930000065988,-0.0040201
-0.927500065988,-0.0080402
-0.925000065988,-0.0140704
-0.922500065988,-0.0120603
-0.920000065988,-0.0140704
-0.917500065988,-0.0140704
-0.915000065988,-0.0140704
-0.912500065988,-0.0180905
-0.910000065988,-0.0180905
-0.907500065988,-0.0140704
-0.905000065988,-0.0140704
-0.902500065988,-0.0140704
-0.900000065988,-0.0180905
-0.897500065988,-0.0241206
-0.895000065988,-0.0321608
-0.892500065988,-0.0361809
-0.890000065988,-0.038191
-0.887500065988,-0.038191
-0.885000065988,-0.0442211
-0.882500065988,-0.0462312
-0.880000065988,-0.0482412
-0.877500065988,-0.0462312
-0.875000065988,-0.0482412
-0.872500065988,-0.0482412
-0.870000065988,-0.0482412
-0.867500065988,-0.0462312
-0.865000065988,-0.0502513
-0.862500065988,-0.0542714
-0.860000065988,-0.0562814
-0.857500065988,-0.0542714
-0.855000065988,-0.0522613
-0.852500065988,-0.0462312
-0.850000065988,-0.0462312
-0.847500065988,-0.0462312
-0.845000065988,-0.0462312
-0.842500065988,-0.0422111
-0.840000065988,-0.0422111
-0.837500065988,-0.0442211
-0.835000065988,-0.0482412
-0.832500065988,-0.0542714
-0.830000065988,-0.0603015
-0.827500065988,-0.0623116
-0.825000065988,-0.0582915
-0.822500065988,-0.0542714
-0.820000065988,-0.0482412
-0.817500065988,-0.0422111
-0.815000065988,-0.040201
-0.812500065988,-0.040201
-0.810000065988,-0.040201
-0.807500065988,-0.038191
-0.805000065988,-0.0341709
-0.802500065988,-0.0261307
-0.800000065988,-0.0241206
-0.797500065988,-0.0201005
-0.795000065988,-0.0221106
-0.792500065988,-0.0160804
-0.790000065988,-0.0120603
-0.787500065988,-0.00603015
-0.785000065988,0.00201005
-0.782500065988,0.0040201
-0.780000065988,0.00603015
-0.777500065988,0.0040201
-0.775000065988,0.0100503
-0.772500065988,0.0180905
-0.770000065988,0.0180905
-0.767500065988,0.0261307
-0.765000065988,0.0281407
-0.762500065988,0.0281407
-0.760000065988,0.0281407
-0.757500065988,0.0281407
-0.755000065988,0.0281407
-0.752500065988,0.0281407
-0.750000065988,0.0281407
-0.747500065988,0.0241206
-0.745000065988,0.0221106
-0.742500065988,0.0140704
-0.740000065988,0.0180905
-0.737500065988,0.0160804
-0.735000065988,0.0160804
-0.732500065988,0.0140704
-0.730000065988,0.0100503
-0.727500065988,0.0100503
-0.725000065988,0.0100503
-0.722500065988,0.0120603
-0.720000065988,0.0160804
-0.717500065988,0.0160804
-0.715000065988,0.0140704
-0.712500065988,0.0100503
-0.710000065988,0.0100503
-0.707500065988,0.00603015
-0.705000065988,0.0040201
-0.702500065988,0.00603015
-0.700000065988,0.00603015
-0.697500065988,0.0040201
-0.695000065988,-0.00201005
-0.692500065988,0
-0.690000065988,-0.00201005
-0.687500065988,0.0040201
-0.685000065988,0.0040201
-0.682500065988,0.0040201
-0.680000065988,0.00201005
-0.677500065988,0.00201005
-0.675000065988,0
-0.672500065988,-0.00603015
-0.670000065988,0
-0.667500065988,-0.0040201
-0.665000065988,-0.00603015
-0.662500065988,-0.0040201
-0.660000065988,-0.00603015
-0.657500065988,0
-0.655000065988,0.0040201
-0.652500065988,0.0140704
-0.650000065988,0.0160804
-0.647500065988,0.0160804
-0.645000065988,0.0160804
-0.642500065988,0.0120603
-0.640000065988,0.0120603
-0.637500065988,0.0140704
-0.635000065988,0.0120603
-0.632500065988,0.0120603
-0.630000065988,0.0080402
-0.627500065988,0.00603015
-0.625000065988,0.0080402
-0.622500065988,0.0140704
-0.620000065988,0.0180905
-0.617500065988,0.0201005
-0.615000065988,0.0180905
-0.612500065988,0.0180905
-0.610000065988,0.0180905
-0.607500065988,0.0180905
-0.605000065988,0.0221106
-0.602500065988,0.0221106
-0.600000065988,0.0241206
-0.597500065988,0.0261307
-0.595000065988,0.0261307
-0.592500065988,0.0261307
-0.590000065988,0.0281407
-0.587500065988,0.0321608
-0.585000065988,0.0361809
-0.582500065988,0.0341709
-0.580000065988,0.0261307
-0.577500065988,0.0241206
-0.575000065988,0.0261307
-0.572500065988,0.0201005
-0.570000065988,0.0221106
-0.567500065988,0.0241206
-0.565000065988,0.0201005
-0.562500065988,0.0160804
-0.560000065988,0.0160804
-0.557500065988,0.0140704
-0.555000065988,0.0180905
-0.552500065988,0.0180905
-0.550000065988,0.0180905
-0.547500065988,0.0180905
-0.545000065988,0.0180905
-0.542500065988,0.0221106
-0.540000065988,0.0261307
-0.537500065988,0.0301508
-0.535000065988,0.0301508
-0.532500065988,0.0321608
-0.530000065988,0.0281407
-0.527500065988,0.0241206
-0.525000065988,0.0221106
-0.522500065988,0.0201005
-0.520000065988,0.0201005
-0.517500065988,0.0201005
-0.515000065988,0.0180905
-0.512500065988,0.0140704
-0.510000065988,0.0140704
-0.507500065988,0.0180905
-0.505000065988,0.0180905
-0.502500065988,0.0160804
-0.500000065988,0.0180905
-0.497500065988,0.0120603
-0.495000065988,0.0080402
-0.492500065988,0.0040201
-0.490000065988,0.00603015
-0.487500065988,0.0040201
-0.485000065988,0.00201005
-0.482500065988,0.00201005
-0.480000065988,-0.0040201
-0.477500065988,-0.00603015
-0.475000065988,-0.0080402
-0.472500065988,-0.0080402
-0.470000065988,-0.0100503
-0.467500065988,-0.0160804
-0.465000065988,-0.0221106
-0.462500065988,-0.0281407
-0.460000065988,-0.0361809
-0.457500065988,-0.0422111
-0.455000065988,-0.040201
-0.452500065988,-0.0442211
-0.450000065988,-0.0462312
-0.447500065988,-0.0502513
-0.445000065988,-0.0542714
-0.442500065988,-0.0562814
-0.440000065988,-0.0623116
-0.437500065988,-0.0603015
-0.435000065988,-0.0623116
-0.432500065988,-0.0643216
-0.430000065988,-0.0663317
-0.427500065988,-0.0663317
-0.425000065988,-0.0643216
-0.422500065988,-0.0582915
-0.420000065988,-0.0542714
-0.417500065988,-0.0502513
-0.415000065988,-0.0482412
-0.412500065988,-0.0482412
-0.410000065988,-0.0462312
-0.407500065988,-0.0442211
-0.405000065988,-0.038191
-0.402500065988,-0.0341709
-0.400000065988,-0.0341709
-0.397500065988,-0.0281407
-0.395000065988,-0.0301508
-0.392500065988,-0.0281407
-0.390000065988,-0.0201005
-0.387500065988,-0.0140704
-0.385000065988,-0.0080402
-0.382500065988,-0.0040201
-0.380000065988,-0.0040201
-0.377500065988,-0.0040201
-0.375000065988,-0.00201005
-0.372500065988,0
-0.370000065988,0.0040201
-0.367500065988,0.0040201
-0.365000065988,0
-0.362500065988,0.00201005
-0.360000065988,0.00201005
-0.357500065988,0.00603015
-0.355000065988,0.0100503
-0.352500065988,0.0160804
-0.350000065988,0.0201005
-0.347500065988,0.0140704
-0.345000065988,0.0140704
-0.342500065988,0.0120603
-0.340000065988,0.0160804
-0.337500065988,0.0201005
-0.335000065988,0.0221106
-0.332500065988,0.0180905
-0.330000065988,0.0160804
-0.327500065988,0.0140704
-0.325000065988,0.0160804
-0.322500065988,0.0140704
-0.320000065988,0.0180905
-0.317500065988,0.0180905
-0.315000065988,0.0201005
-0.312500065988,0.0180905
-0.310000065988,0.0201005
-0.307500065988,0.0221106
-0.305000065988,0.0281407
-0.302500065988,0.0321608
-0.300000065988,0.0301508
-0.297500065988,0.0261307
-0.295000065988,0.0241206
-0.292500065988,0.0221106
-0.290000065988,0.0221106
-0.287500065988,0.0201005
-0.285000065988,0.0180905
-0.282500065988,0.0160804
-0.280000065988,0.0140704
-0.277500065988,0.0120603
-0.275000065988,0.0100503
-0.272500065988,0.0160804
-0.270000065988,0.0160804
-0.267500065988,0.0261307
-0.265000065988,0.0201005
-0.262500065988,0.0241206
-0.260000065988,0.0201005
-0.257500065988,0.0221106
-0.255000065988,0.0221106
-0.252500065988,0.0241206
-0.250000065988,0.0221106
-0.247500065988,0.0201005
-0.245000065988,0.0180905
-0.242500065988,0.0140704
-0.240000065988,0.0160804
-0.237500065988,0.0180905
-0.235000065988,0.0180905
-0.232500065988,0.0160804
-0.230000065988,0.0140704
-0.227500065988,0.0100503
-0.225000065988,0.0080402
-0.222500065988,0.0100503
-0.220000065988,0.0080402
-0.217500065988,0.0120603
-0.215000065988,0.0120603
-0.212500065988,0.0100503
-0.210000065988,0.0100503
-0.207500065988,0.0120603
-0.205000065988,0.0120603
-0.202500065988,0.0180905
-0.200000065988,0.0221106
-0.197500065988,0.0221106
-0.195000065988,0.0261307
-0.192500065988,0.0281407
-0.190000065988,0.0321608
-0.187500065988,0.038191
-0.185000065988,0.038191
-0.182500065988,0.0361809
-0.180000065988,0.0301508
-0.177500065988,0.0281407
-0.175000065988,0.0241206
-0.172500065988,0.0221106
-0.170000065988,0.0221106
-0.167500065988,0.0160804
-0.165000065988,0.0140704
-0.162500065988,0.0140704
-0.160000065988,0.0080402
-0.157500065988,0.0080402
-0.155000065988,0.0080402
-0.152500065988,0.0100503
-0.150000065988,0.00603015
-0.147500065988,0.00201005
-0.145000065988,0
-0.142500065988,-0.00201005
-0.140000065988,0
-0.137500065988,-0.00201005
-0.135000065988,0
-0.132500065988,0.0040201
-0.130000065988,0
-0.127500065988,-0.00201005
-0.125000065988,0
-0.122500065988,0.00201005
-0.120000065988,0.00201005
-0.117500065988,0
-0.115000065988,-0.0040201
-0.112500065988,-0.0040201
-0.110000065988,-0.00603015
-0.107500065988,-0.00201005
-0.105000065988,0.00201005
-0.102500065988,0.0040201
-0.100000065988,0.0040201
-0.0975000659875,0.00201005
-0.0950000659875,-0.0040201
-0.0925000659875,-0.0080402
-0.0900000659875,-0.0080402
-0.0875000659875,-0.00603015
-0.0850000659875,-0.0040201
-0.0825000659875,-0.0040201
-0.0800000659875,-0.0040201
-0.0775000659875,-0.00201005
-0.0750000659875,0.00201005
-0.0725000659875,0.0040201
-0.0700000659875,0.0080402
-0.0675000659875,0.00603015
-0.0650000659875,0.00201005
-0.0625000659875,0.00201005
-0.0600000659875,0
-0.0575000659875,0.0040201
-0.0550000659875,0.0080402
-0.0525000659875,0.0120603
-0.0500000659875,0.0120603
-0.0475000659875,0.0120603
-0.0450000659875,0.0100503
-0.0425000659875,0.00603015
-0.0400000659875,0.0100503
-0.0375000659875,0.0120603
-0.0350000659875,0.0140704
-0.0325000659875,0.0080402
-0.0300000659875,0.0040201
-0.0275000659875,-0.00201005
-0.0250000659875,-0.0040201
-0.0225000659875,-0.00201005
-0.0200000659875,-0.00201005
-0.0175000659875,-0.00201005
-0.0150000659875,-0.00603015
-0.0125000659875,-0.0080402
-0.0100000659875,-0.0100503
-0.0075000659875,-0.0100503
-0.0050000659875,-0.0080402
-0.0025000659875,-0.00603015
-6.59875003528e-008,-0.00603015
0.0024999340125,-0.0080402
0.0049999340125,-0.0100503
0.0074999340125,-0.0100503
0.0099999340125,-0.0080402
0.0124999340125,-0.0040201
0.0149999340125,-0.00201005
0.0174999340125,0
0.0199999340125,0
0.0224999340125,0.00201005
0.0249999340125,0.00201005
0.0274999340125,0.00603015
0.0299999340125,0.0120603
0.0324999340125,0.0140704
0.0349999340125,0.0160804
0.0374999340125,0.0120603
0.0399999340125,0.0080402
0.0424999340125,0.0120603
0.0449999340125,0.0160804
0.0474999340125,0.0140704
0.0499999340125,0.0140704
0.0524999340125,0.0140704
0.0549999340125,0.0160804
0.0574999340125,0.0160804
0.0599999340125,0.0180905
0.0624999340125,0.0221106
0.0649999340125,0.0241206
0.0674999340125,0.0241206
0.0699999340125,0.0221106
0.0724999340125,0.0241206
0.0749999340125,0.0180905
0.0774999340125,0.0241206
0.0799999340125,0.0241206
0.0824999340125,0.0241206
0.0849999340125,0.0241206
0.0874999340125,0.0201005
0.0899999340125,0.0180905
0.0924999340125,0.0180905
0.0949999340125,0.0241206
0.0974999340125,0.0261307
0.0999999340125,0.0261307
0.102499934012,0.0261307
0.104999934012,0.0221106
0.107499934012,0.0201005
0.109999934012,0.0201005
0.112499934012,0.0201005
0.114999934012,0.0201005
0.117499934012,0.0160804
0.119999934012,0.0160804
0.122499934012,0.0140704
0.124999934012,0.0120603
0.127499934012,0.0140704
0.129999934012,0.0160804
0.132499934012,0.0180905
0.134999934012,0.0140704
0.137499934012,0.0140704
0.139999934012,0.0160804
0.142499934012,0.0160804
0.144999934012,0.0180905
0.147499934012,0.0201005
0.149999934012,0.0201005
0.152499934012,0.0160804
0.154999934012,0.0100503
0.157499934012,0.0100503
0.159999934012,0.0080402
0.162499934012,0.0100503
0.164999934012,0.0120603
0.167499934012,0.0100503
0.169999934012,0.00603015
0.172499934012,0.00603015
0.174999934012,0.0080402
0.177499934012,0.0080402
0.179999934012,0.0120603
0.182499934012,0.0201005
0.184999934012,0.0201005
0.187499934012,0.0160804
0.189999934012,0.0160804
0.192499934012,0.0180905
0.194999934012,0.0221106
0.197499934012,0.0241206
0.199999934012,0.0221106
0.202499934012,0.0180905
0.204999934012,0.0160804
0.207499934012,0.0120603
0.209999934012,0.0120603
0.212499934012,0.0120603
0.214999934012,0.0160804
0.217499934012,0.0120603
0.219999934012,0.0100503
0.222499934012,0.0120603
0.224999934012,0.0120603
0.227499934012,0.0120603
0.229999934012,0.0160804
0.232499934012,0.0140704
0.234999934012,0.0080402
0.237499934012,0.0040201
0.239999934012,0.0040201
0.242499934012,0
0.244999934012,-0.00201005
0.247499934012,0
0.249999934012,-0.00201005
0.252499934012,-0.0040201
0.254999934012,-0.00201005
0.257499934012,-0.00201005
0.259999934012,-0.00201005
0.262499934012,0.00201005
0.264999934012,0.00201005
0.267499934012,0
0.269999934012,0
0.272499934012,-0.00201005
0.274999934012,0.00201005
0.277499934012,0.0040201
0.279999934012,0.0100503
0.282499934012,0.0140704
0.284999934012,0.0080402
0.287499934012,0.00603015
0.289999934012,0.00201005
0.292499934012,0
0.294999934012,0.00201005
0.297499934012,0
0.299999934012,0
0.302499934012,-0.0040201
0.304999934012,-0.00603015
0.307499934012,-0.0080402
0.309999934012,-0.0040201
0.312499934012,0
0.314999934012,0
0.317499934012,0.00201005
0.319999934012,-0.00201005
0.322499934012,-0.00603015
0.324999934012,-0.00603015
0.327499934012,-0.00603015
0.329999934012,-0.0100503
0.332499934012,-0.0100503
0.334999934012,-0.0180905
0.337499934012,-0.0241206
0.339999934012,-0.0341709
0.342499934012,-0.0341709
0.344999934012,-0.0301508
0.347499934012,-0.0341709
0.349999934012,-0.0321608
0.352499934012,-0.0341709
0.354999934012,-0.0361809
0.357499934012,-0.040201
0.359999934012,-0.038191
0.362499934012,-0.038191
0.364999934012,-0.038191
0.367499934012,-0.0422111
0.369999934012,-0.0462312
0.372499934012,-0.0462312
0.374999934012,-0.0482412
0.377499934012,-0.0422111
0.379999934012,-0.0361809
0.382499934012,-0.0361809
0.384999934012,-0.0341709
0.387499934012,-0.0361809
0.389999934012,-0.0341709
0.392499934012,-0.0301508
0.394999934012,-0.0261307
0.397499934012,-0.0261307
0.399999934012,-0.0180905
0.402499934012,-0.0180905
0.404999934012,-0.0180905
0.407499934012,-0.0160804
0.409999934012,-0.0140704
0.412499934012,-0.0080402
0.414999934012,-0.00603015
0.417499934012,-0.00603015
0.419999934012,-0.0080402
0.422499934012,-0.0100503
0.424999934012,-0.0080402
0.427499934012,-0.0040201
0.429999934012,-0.00201005
0.432499934012,0
0.434999934012,0
0.437499934012,0.0040201
0.439999934012,0.00201005
0.442499934012,0.0080402
0.444999934012,0.0120603
0.447499934012,0.0160804
0.449999934012,0.0140704
0.452499934012,0.0100503
0.454999934012,0.0080402
0.457499934012,0.00201005
0.459999934012,0.0040201
0.462499934012,0.00603015
0.464999934012,0.0040201
0.467499934012,0.00603015
0.469999934012,0.0040201
0.472499934012,0
0.474999934012,0
0.477499934012,-0.00201005
0.479999934012,0
0.482499934012,-0.00201005
0.484999934012,-0.0040201
0.487499934012,-0.0120603
0.489999934012,-0.00603015
0.492499934012,-0.0080402
0.494999934012,-0.00603015
0.497499934012,-0.0080402
0.499999934012,-0.0100503
0.502499934012,-0.0140704
0.504999934012,-0.0180905
0.507499934012,-0.0180905
0.509999934012,-0.0180905
0.512499934012,-0.0160804
0.514999934012,-0.0100503
0.517499934012,-0.0100503
0.519999934012,-0.0100503
0.522499934012,-0.0120603
0.524999934012,-0.0120603
0.527499934012,-0.00603015
0.529999934012,-0.0080402
0.532499934012,-0.0080402
0.534999934012,-0.0080402
0.537499934012,-0.0120603
0.539999934012,-0.0140704
0.542499934012,-0.0080402
0.544999934012,-0.0080402
0.547499934012,-0.00603015
0.549999934012,-0.0040201
0.552499934012,-0.00201005
0.554999934012,-0.0040201
0.557499934012,0
0.559999934012,0.0040201
0.562499934012,0.00603015
0.564999934012,0.0080402
0.567499934012,0.00603015
0.569999934012,0.00603015
0.572499934012,0.0080402
0.574999934012,0.0080402
0.577499934012,0.0140704
0.579999934012,0.0160804
0.582499934012,0.0180905
0.584999934012,0.0201005
0.587499934012,0.0160804
0.589999934012,0.0160804
0.592499934012,0.0140704
0.594999934012,0.0160804
0.597499934012,0.0180905
0.599999934012,0.0180905
0.602499934012,0.0120603
0.604999934012,0.0120603
0.607499934012,0.0140704
0.609999934012,0.0140704
0.612499934012,0.0221106
0.614999934012,0.0221106
0.617499934012,0.0201005
0.619999934012,0.0221106
0.622499934012,0.0201005
0.624999934012,0.0221106
0.627499934012,0.0221106
0.629999934012,0.0241206
0.632499934012,0.0221106
0.634999934012,0.0201005
0.637499934012,0.0160804
0.639999934012,0.0120603
0.642499934012,0.0160804
0.644999934012,0.0180905
0.647499934012,0.0221106
0.649999934012,0.0221106
0.652499934012,0.0180905
0.654999934012,0.0180905
0.657499934012,0.0160804
0.659999934012,0.0201005
0.662499934012,0.0221106
0.664999934012,0.0201005
0.667499934012,0.0201005
0.669999934012,0.0160804
0.672499934012,0.0140704
0.674999934012,0.0120603
0.677499934012,0.0140704
0.679999934012,0.0160804
0.682499934012,0.0160804
0.684999934012,0.0140704
0.687499934012,0.0120603
0.689999934012,0.0120603
0.692499934012,0.0160804
0.694999934012,0.0160804
0.697499934012,0.0180905
0.699999934012,0.0201005
0.702499934012,0.0180905
0.704999934012,0.0140704
0.707499934012,0.0120603
0.709999934012,0.0120603
0.712499934012,0.0120603
0.714999934012,0.0140704
0.717499934012,0.0100503
0.719999934012,0.00603015
0.722499934012,0.0040201
0.724999934012,0.0040201
0.727499934012,0.00201005
0.729999934012,0.00201005
0.732499934012,0.00201005
0.734999934012,0
0.737499934012,-0.0040201
0.739999934012,-0.0040201
0.742499934012,0
0.744999934012,-0.00201005
0.747499934012,0.00201005
0.749999934012,-0.00201005
0.752499934012,-0.00201005
0.754999934012,-0.0040201
0.757499934012,-0.0040201
0.759999934012,-0.00201005
0.762499934012,0.0040201
0.764999934012,0.00201005
0.767499934012,-0.00201005
0.769999934012,-0.0100503
0.772499934012,-0.0120603
0.774999934012,-0.0120603
0.777499934012,-0.0160804
0.779999934012,-0.0140704
0.782499934012,-0.0140704
0.784999934012,-0.0160804
0.787499934012,-0.0160804
0.789999934012,-0.0180905
0.792499934012,-0.0140704
0.794999934012,-0.0120603
0.797499934012,-0.00603015
0.799999934012,-0.0040201
0.802499934012,-0.00201005
0.804999934012,-0.0040201
0.807499934012,-0.00603015
0.809999934012,0
0.812499934012,0.00603015
0.814999934012,0.00603015
0.817499934012,0.00603015
0.819999934012,0.0040201
0.822499934012,0
0.824999934012,0.00201005
0.827499934012,0.00603015
0.829999934012,0.0080402
0.832499934012,0.00603015
0.834999934012,0.00201005
0.837499934012,0.00201005
0.839999934012,-0.0040201
0.842499934012,0
0.844999934012,0.00201005
0.847499934012,0.00603015
0.849999934012,0.00603015
0.852499934012,0.00201005
0.854999934012,0
0.857499934012,0
0.859999934012,0.00201005
0.862499934012,0.0080402
0.864999934012,0.0080402
0.867499934012,0.0100503
0.869999934012,0.0100503
0.872499934012,0.0080402
0.874999934012,0.0120603
0.877499934012,0.0160804
0.879999934012,0.0201005
0.882499934012,0.0201005
0.884999934012,0.0180905
0.887499934012,0.0160804
0.889999934012,0.0160804
0.892499934012,0.0160804
0.894999934012,0.0180905
0.897499934012,0.0160804
0.899999934012,0.0120603
0.902499934012,0.0120603
0.904999934012,0.0080402
0.907499934012,0.0100503
0.909999934012,0.0100503
0.912499934012,0.0120603
0.914999934012,0.0120603
0.917499934012,0.0140704
0.919999934012,0.0140704
0.922499934012,0.0140704
0.924999934012,0.0160804
0.927499934012,0.0160804
0.929999934012,0.0180905
0.932499934012,0.0221106
0.934999934012,0.0180905
0.937499934012,0.0160804
0.939999934012,0.0140704
0.942499934012,0.0120603
0.944999934012,0.0120603
0.947499934012,0.0120603
0.949999934012,0.00603015
0.952499934012,0.0040201
0.954999934012,-0.00201005
0.957499934012,-0.00201005
0.959999934012,-0.00201005
0.962499934012,0
0.964999934012,0
0.967499934012,0.00201005
0.969999934012,-0.00201005
0.972499934012,-0.0040201
0.974999934012,-0.00201005
0.977499934012,-0.00201005
0.979999934012,0.00201005
0.982499934012,0.0040201
0.984999934012,0.00603015
0.987499934012,0.00201005
0.989999934012,0.00201005
0.992499934012,0.00603015
0.994999934012,0.0120603
0.997499934012,0.0160804
0.999999934012,0.0160804
1.00249993401,0.0100503
1.00499993401,0.00603015
1.00749993401,0.0080402
1.00999993401,0.0140704
1.01249993401,0.0160804
1.01499993401,0.0201005
1.01749993401,0.0180905
1.01999993401,0.0140704
1.02249993401,0.0120603
1.02499993401,0.0140704
1.02749993401,0.0140704
1.02999993401,0.0100503
1.03249993401,0.0140704
1.03499993401,0.00603015
1.03749993401,0.00201005
1.03999993401,0.00201005
1.04249993401,0.0040201
1.04499993401,0.0080402
1.04749993401,0.0100503
1.04999993401,0.0120603
1.05249993401,0.00603015
1.05499993401,0.00603015
1.05749993401,0.00603015
1.05999993401,0.0100503
1.06249993401,0.0100503
1.06499993401,0.0140704
1.06749993401,0.0100503
1.06999993401,0.00603015
1.07249993401,0.0040201
1.07499993401,0
1.07749993401,0.0040201
1.07999993401,0.0040201
1.08249993401,0.0040201
1.08499993401,-0.00201005
1.08749993401,-0.00603015
1.08999993401,-0.0080402
1.09249993401,-0.0120603
1.09499993401,-0.0100503
1.09749993401,-0.0120603
1.09999993401,-0.0140704
1.10249993401,-0.0160804
1.10499993401,-0.0180905
1.10749993401,-0.0160804
1.10999993401,-0.0160804
1.11249993401,-0.0120603
1.11499993401,-0.0120603
1.11749993401,-0.0100503
1.11999993401,-0.0120603
1.12249993401,-0.0100503
1.12499993401,-0.0100503
1.12749993401,-0.0040201
1.12999993401,0
1.13249993401,0.0040201
1.13499993401,0.0040201
1.13749993401,0.00603015
1.13999993401,0.0100503
1.14249993401,0.0140704
1.14499993401,0.0160804
1.14749993401,0.0241206
1.14999993401,0.0221106
1.15249993401,0.0201005
1.15499993401,0.0201005
1.15749993401,0.0180905
1.15999993401,0.0201005
1.16249993401,0.0201005
1.16499993401,0.0160804
1.16749993401,0.0160804
1.16999993401,0.0100503
1.17249993401,0.00603015
1.17499993401,0.0080402
1.17749993401,0.0100503
1.17999993401,0.0080402
1.18249993401,0.0080402
1.18499993401,0.00603015
1.18749993401,0
1.18999993401,-0.0040201
1.19249993401,-0.0040201
1.19499993401,-0.0040201
1.19749993401,-0.00603015
1.19999993401,-0.0100503
1.20249993401,-0.0140704
1.20499993401,-0.0180905
1.20749993401,-0.0241206
1.20999993401,-0.0221106
1.21249993401,-0.0221106
1.21499993401,-0.0221106
1.21749993401,-0.0261307
1.21999993401,-0.0301508
1.22249993401,-0.0321608
1.22499993401,-0.0341709
1.22749993401,-0.0361809
1.22999993401,-0.0361809
1.23249993401,-0.040201
1.23499993401,-0.0422111
1.23749993401,-0.0522613
1.23999993401,-0.0502513
1.24249993401,-0.0502513
1.24499993401,-0.0462312
1.24749993401,-0.040201
1.24999993401,-0.038191
1.25249993401,-0.0341709
1.25499993401,-0.0341709
1.25749993401,-0.0301508
1.25999993401,-0.0221106
1.26249993401,-0.0140704
1.26499993401,-0.0100503
1.26749993401,-0.0100503
1.26999993401,-0.00603015
1.27249993401,-0.00603015
1.27499993401,-0.00201005
1.27749993401,0.00201005
1.27999993401,0.0080402
1.28249993401,0.0080402
1.28499993401,0.0080402
1.28749993401,0.0100503
1.28999993401,0.0120603
1.29249993401,0.0160804
1.29499993401,0.0201005
1.29749993401,0.0221106
1.29999993401,0.0241206
1.30249993401,0.0160804
1.30499993401,0.0160804
1.30749993401,0.0080402
1.30999993401,0.0100503
1.31249993401,0.0120603
1.31499993401,0.0080402
1.31749993401,0.00603015
1.31999993401,0.0040201
1.32249993401,0
1.32499993401,0.0040201
1.32749993401,0.0080402
1.32999993401,0.0100503
1.33249993401,0.0100503
1.33499993401,0.0080402
1.33749993401,0.0100503
1.33999993401,0.0080402
1.34249993401,0.0080402
1.34499993401,0.00603015
1.34749993401,0.0080402
1.34999993401,0.00603015
1.35249993401,0.00201005
1.35499993401,-0.0040201
1.35749993401,-0.0080402
1.35999993401,-0.0080402
1.36249993401,-0.0080402
1.36499993401,-0.0080402
1.36749993401,-0.0120603
1.36999993401,-0.0140704
1.37249993401,-0.0180905
1.37499993401,-0.0180905
1.37749993401,-0.0120603
1.37999993401,-0.00603015
1.38249993401,-0.00603015
1.38499993401,-0.00603015
1.38749993401,-0.0040201
1.38999993401,-0.00201005
1.39249993401,-0.00201005
1.39499993401,0.00201005
1.39749993401,0.0080402
1.39999993401,0.00603015
1.40249993401,0.00201005
1.40499993401,0.00201005
1.40749993401,0.0040201
1.40999993401,0.00603015
1.41249993401,0.0120603
1.41499993401,0.0160804
1.41749993401,0.0120603
1.41999993401,0.0100503
1.42249993401,0.0080402
1.42499993401,0.0080402
1.42749993401,0.00603015
1.42999993401,0.00603015
1.43249993401,0.00201005
1.43499993401,0
1.43749993401,-0.00603015
1.43999993401,-0.00201005
1.44249993401,0
1.44499993401,0.0100503
1.44749993401,0.0140704
1.44999993401,0.0140704
1.45249993401,0.0201005
1.45499993401,0.0221106
1.45749993401,0.0201005
1.45999993401,0.0221106
1.46249993401,0.0201005
1.46499993401,0.0180905
1.46749993401,0.0140704
1.46999993401,0.0100503
1.47249993401,0.00603015
1.47499993401,0.0100503
1.47749993401,0.0120603
1.47999993401,0.0140704
1.48249993401,0.0160804
1.48499993401,0.0160804
1.48749993401,0.0140704
1.48999993401,0.0120603
1.49249993401,0.0120603
1.49499993401,0.0120603
1.49749993401,0.0100503
1.49999993401,0.0080402
1.50249993401,0.0040201
1.50499993401,-0.00201005
1.50749993401,0
1.50999993401,0
1.51249993401,0.0040201
1.51499993401,0.0040201
1.51749993401,0.00201005
1.51999993401,0
1.52249993401,0
1.52499993401,-0.00201005
1.52749993401,0.0040201
1.52999993401,0.0040201
1.53249993401,0.00201005
1.53499993401,0
1.53749993401,-0.0040201
1.53999993401,-0.0040201
1.54249993401,-0.00201005
1.54499993401,0
1.54749993401,-0.00201005
1.54999993401,-0.00201005
1.55249993401,-0.00603015
1.55499993401,-0.00603015
1.55749993401,-0.00603015
1.55999993401,-0.0040201
1.56249993401,-0.00201005
1.56499993401,-0.00201005
1.56749993401,-0.0040201
1.56999993401,-0.0040201
1.57249993401,-0.00603015
1.57499993401,-0.0040201
1.57749993401,-0.0040201
1.57999993401,0
1.58249993401,-0.00201005
1.58499993401,-0.00201005
1.58749993401,0
1.58999993401,-0.0040201
1.59249993401,0.00201005
1.59499993401,0.0040201
1.59749993401,0.0040201
1.59999993401,0
1.60249993401,-0.0040201
1.60499993401,-0.00603015
1.60749993401,-0.00603015
1.60999993401,-0.00201005
1.61249993401,0
1.61499993401,-0.00201005
1.61749993401,-0.00201005
1.61999993401,-0.0040201
1.62249993401,-0.0040201
1.62499993401,-0.00201005
1.62749993401,0.00201005
1.62999993401,0.00603015
1.63249993401,0.00603015
1.63499993401,0.00201005
1.63749993401,0.00201005
1.63999993401,0
1.64249993401,0.0080402
1.64499993401,0.0100503
1.64749993401,0.0100503
1.64999993401,0.0120603
1.65249993401,0.0120603
1.65499993401,0.0080402
1.65749993401,0.0080402
1.65999993401,0.0080402
1.66249993401,0.0080402
1.66499993401,0.0040201
1.66749993401,0.00201005
1.66999993401,-0.00201005
1.67249993401,-0.0040201
1.67499993401,-0.0040201
1.67749993401,-0.00201005
1.67999993401,0
1.68249993401,0
1.68499993401,-0.00201005
1.68749993401,-0.00201005
1.68999993401,-0.0040201
1.69249993401,0
1.69499993401,0.00201005
1.69749993401,0.00603015
1.69999993401,0.00201005
1.70249993401,-0.00201005
1.70499993401,0
1.70749993401,-0.00201005
1.70999993401,0.00201005
1.71249993401,0.0040201
1.71499993401,0.00603015
1.71749993401,0.0040201
1.71999993401,0.00603015
1.72249993401,0.00201005
1.72499993401,0.0040201
1.72749993401,0.00603015
1.72999993401,0.0080402
1.73249993401,0.00603015
1.73499993401,0
1.73749993401,0
1.73999993401,-0.0100503
1.74249993401,-0.0100503
1.74499993401,-0.0080402
1.74749993401,-0.0080402
1.74999993401,-0.00603015
1.75249993401,-0.0080402
1.75499993401,-0.0100503
1.75749993401,-0.0080402
1.75999993401,-0.00201005
1.76249993401,-0.00201005
1.76499993401,0.0040201
1.76749993401,0
1.76999993401,-0.00201005
1.77249993401,-0.0040201
1.77499993401,-0.0040201
1.77749993401,-0.0040201
1.77999993401,0.0040201
1.78249993401,0.00201005
1.78499993401,0.0040201
1.78749993401,0.00603015
1.78999993401,0.0100503
1.79249993401,0.0140704
1.79499993401,0.0180905
1.79749993401,0.0241206
1.79999993401,0.0180905
1.80249993401,0.0180905
1.80499993401,0.0140704
1.80749993401,0.0120603
1.80999993401,0.0120603
1.81249993401,0.0140704
1.81499993401,0.0140704
1.81749993401,0.0120603
1.81999993401,0.0140704
1.82249993401,0.0100503
1.82499993401,0.0120603
1.82749993401,0.0140704
1.82999993401,0.0140704
1.83249993401,0.0160804
1.83499993401,0.0140704
1.83749993401,0.0140704
1.83999993401,0.0140704
1.84249993401,0.0221106
1.84499993401,0.0281407
1.84749993401,0.0341709
1.84999993401,0.038191
1.85249993401,0.0361809
1.85499993401,0.0361809
1.85749993401,0.040201
1.85999993401,0.0422111
1.86249993401,0.0442211
1.86499993401,0.0442211
1.86749993401,0.040201
1.86999993401,0.0321608
1.87249993401,0.0241206
1.87499993401,0.0180905
1.87749993401,0.0120603
1.87999993401,0.0100503
1.88249993401,0.0040201
1.88499993401,-0.00201005
1.88749993401,-0.0100503
1.88999993401,-0.0100503
1.89249993401,-0.0100503
1.89499993401,-0.0100503
1.89749993401,-0.0080402
1.89999993401,-0.00603015
1.90249993401,-0.00603015
1.90499993401,-0.0040201
1.90749993401,-0.00603015
1.90999993401,-0.0040201
1.91249993401,-0.00201005
1.91499993401,0.00201005
1.91749993401,0
1.91999993401,0
1.92249993401,0
1.92499993401,0.00201005
1.92749993401,0.00201005
1.92999993401,0.0080402
1.93249993401,0.00603015
1.93499993401,0.00603015
1.93749993401,0.00201005
1.93999993401,0.00201005
1.94249993401,0.00603015
1.94499993401,0.00603015
1.94749993401,0.0100503
1.94999993401,0.0120603
1.95249993401,0.0080402
1.95499993401,0.00603015
1.95749993401,0.0080402
1.95999993401,0.0080402
1.96249993401,0.0120603
1.96499993401,0.0120603
1.96749993401,0.0120603
1.96999993401,0.0120603
1.97249993401,0.0080402
1.97499993401,0.0120603
1.97749993401,0.0180905
1.97999993401,0.0201005
1.98249993401,0.0180905
1.98499993401,0.0140704
1.98749993401,0.0080402
1.98999993401,0.0040201
1.99249993401,0
1.99499993401,-0.0040201
1.99749993401,-0.0080402
1.99999993401,-0.0180905
2.00249993401,-0.0261307
2.00499993401,-0.0321608
2.00749993401,-0.0361809
2.00999993401,-0.038191
2.01249993401,-0.038191
2.01499993401,-0.040201
2.01749993401,-0.0422111
2.01999993401,-0.0502513
2.02249993401,-0.0502513
2.02499993401,-0.0522613
2.02749993401,-0.0542714
2.02999993401,-0.0542714
2.03249993401,-0.0502513
2.03499993401,-0.0542714
2.03749993401,-0.0542714
2.03999993401,-0.0562814
2.04249993401,-0.0522613
2.04499993401,-0.0442211
2.04749993401,-0.0442211
2.04999993401,-0.0442211
2.05249993401,-0.0462312
2.05499993401,-0.0442211
2.05749993401,-0.0482412
2.05999993401,-0.0462312
2.06249993401,-0.038191
2.06499993401,-0.0341709
2.06749993401,-0.0341709
2.06999993401,-0.0321608
2.07249993401,-0.0281407
2.07499993401,-0.0281407
2.07749993401,-0.0201005
2.07999993401,-0.0140704
2.08249993401,-0.0120603
2.08499993401,-0.0100503
2.08749993401,-0.0080402
2.08999993401,-0.00603015
2.09249993401,-0.00201005
2.09499993401,0.00603015
2.09749993401,0.0100503
2.09999993401,0.0120603
2.10249993401,0.0120603
2.10499993401,0.0140704
2.10749993401,0.0140704
2.10999993401,0.0180905
2.11249993401,0.0180905
2.11499993401,0.0180905
2.11749993401,0.0221106
2.11999993401,0.0160804
2.12249993401,0.0160804
2.12499993401,0.0160804
2.12749993401,0.0180905
2.12999993401,0.0160804
2.13249993401,0.0180905
2.13499993401,0.0100503
2.13749993401,0.00603015
2.13999993401,0.0040201
2.14249993401,0.0040201
2.14499993401,0.00603015
2.14749993401,0.00603015
2.14999993401,0.00603015
2.15249993401,0.0080402
2.15499993401,0.0040201
2.15749993401,0.0100503
2.15999993401,0.0140704
2.16249993401,0.0221106
2.16499993401,0.0180905
2.16749993401,0.0160804
2.16999993401,0.0140704
2.17249993401,0.0140704
2.17499993401,0.0160804
2.17749993401,0.0160804
2.17999993401,0.0160804
2.18249993401,0.0140704
2.18499993401,0.0120603
2.18749993401,0.00603015
2.18999993401,0.00603015
2.19249993401,0.0080402
2.19499993401,0.0120603
2.19749993401,0.0140704
2.19999993401,0.0120603
2.20249993401,0.0120603
2.20499993401,0.00603015
2.20749993401,0.0080402
2.20999993401,0.0080402
2.21249993401,0.00603015
2.21499993401,0.00201005
2.21749993401,0
2.21999993401,-0.00201005
2.22249993401,-0.00201005
2.22499993401,0.0040201
2.22749993401,0.0080402
2.22999993401,0.0140704
2.23249993401,0.0160804
2.23499993401,0.0140704
2.23749993401,0.0120603
2.23999993401,0.0140704
2.24249993401,0.0160804
2.24499993401,0.0180905
2.24749993401,0.0221106
2.24999993401,0.0180905
2.25249993401,0.0180905
2.25499993401,0.0140704
2.25749993401,0.0120603
2.25999993401,0.0160804
2.26249993401,0.0160804
2.26499993401,0.0120603
2.26749993401,0.0120603
2.26999993401,0.0080402
2.27249993401,0.00603015
2.27499993401,0.0080402
2.27749993401,0.0100503
2.27999993401,0.0140704
2.28249993401,0.0120603
2.28499993401,0.0120603
2.28749993401,0.0100503
2.28999993401,0.0140704
2.29249993401,0.0140704
2.29499993401,0.0160804
2.29749993401,0.0160804
2.29999993401,0.0140704
2.30249993401,0.0120603
2.30499993401,0.0120603
2.30749993401,0.0100503
2.30999993401,0.0140704
2.31249993401,0.0160804
2.31499993401,0.0180905
2.31749993401,0.0160804
2.31999993401,0.0100503
2.32249993401,0.00603015
2.32499993401,0
2.32749993401,0
2.32999993401,-0.0040201
2.33249993401,-0.0120603
2.33499993401,-0.0180905
2.33749993401,-0.0241206
2.33999993401,-0.0221106
2.34249993401,-0.0201005
2.34499993401,-0.0160804
2.34749993401,-0.0140704
2.34999993401,-0.0120603
2.35249993401,-0.0100503
2.35499993401,-0.0100503
2.35749993401,-0.0080402
2.35999993401,-0.0040201
2.36249993401,0
2.36499993401,0
2.36749993401,0
2.36999993401,0.00201005
2.37249993401,-0.00201005
2.37499993401,0.00201005
2.37749993401,0.00201005
2.37999993401,0.0080402
2.38249993401,0.00603015
2.38499993401,0.00603015
2.38749993401,0.00201005
2.38999993401,0
2.39249993401,0.0040201
2.39499993401,0.00603015
2.39749993401,0.00603015
2.39999993401,0.00603015
2.40249993401,0.00201005
2.40499993401,-0.00201005
2.40749993401,-0.00201005
2.40999993401,-0.00603015
2.41249993401,-0.0040201
2.41499993401,-0.0040201
2.41749993401,-0.0080402
2.41999993401,-0.0100503
2.42249993401,-0.0140704
2.42499993401,-0.0160804
2.42749993401,-0.0120603
2.42999993401,-0.0100503
2.43249993401,-0.0080402
2.43499993401,-0.0120603
2.43749993401,-0.0100503
2.43999993401,-0.0120603
2.44249993401,-0.0080402
2.44499993401,-0.0080402
2.44749993401,-0.0040201
2.44999993401,-0.0040201
2.45249993401,-0.0040201
2.45499993401,-0.0040201
2.45749993401,0
2.45999993401,0.0080402
2.46249993401,0.0120603
2.46499993401,0.0140704
2.46749993401,0.0160804
2.46999993401,0.0140704
2.47249993401,0.0160804
2.47499993401,0.0160804
2.47749993401,0.0201005
2.47999993401,0.0201005
2.48249993401,0.0261307
2.48499993401,0.0221106
2.48749993401,0.0160804
2.48999993401,0.0201005
2.49249993401,0.0160804
2.49499993401,0.0180905
2.49749993401,0.0140704